sample,stationary,mean_shift,spread_growth,random_walk
0,0.042740959066480205,0.042740959066480205,0.017096383626592083,0.03419276725318417
1,1.3853921157498499,1.3853921157498499,0.6844138287202896,1.3939403075631458
2,2.055956348035842,2.055956348035842,0.6205389772134065,2.6186613861490784
3,0.7232667320338376,0.7232667320338376,-0.26026512847851824,2.108354309361411
4,0.13599052811385548,0.13599052811385548,-0.1529643149669991,1.810384798254964
5,-0.4457898761651119,-0.4457898761651119,-0.2724965070848833,1.2830006052215386
6,0.30225243187289297,0.30225243187289297,0.29627672852030984,1.8527269627934988
7,0.12528702007811818,0.12528702007811818,-0.029342573690819895,1.7966625237478813
8,0.8220578283034148,0.8220578283034148,0.3933930082286137,2.5435481400044253
9,-1.3540901019920606,-1.3540901019920606,-0.9791746638969612,0.6962233410303158
10,0.7540947135042843,0.7540947135042843,0.835579855620195,2.2627721157298364
11,0.35602466794695,0.35602466794695,-0.051757828864828055,2.166339955574216
12,0.8939932540423161,0.8939932540423161,0.36744979905540276,2.8467184088483624
13,0.3998296184485619,0.3998296184485619,-0.07421092105084713,2.7101520748715346
14,-0.13920079600571617,-0.13920079600571617,-0.20727008466947322,2.3310535077966814
15,0.3795896809941571,0.3795896809941571,0.25474924417012496,2.794163666394268
16,1.0522673361266073,1.0522673361266073,0.45630423101207424,3.618677193924381
17,0.4288305309825128,0.4288305309825128,-0.11276078777339914,3.4161473232309296
18,0.10451214001931056,0.10451214001931056,-0.08557556412404194,3.2633611446607325
19,0.7484058948208443,0.7484058948208443,0.38634938422057524,3.9490597554699907
20,-0.4212971050546646,-0.4212971050546646,-0.49328989639576726,3.0787191135228196
21,-1.7671617667641943,-1.7671617667641943,-0.8633755701573815,1.564335609791424
22,-0.6653151973089866,-0.6653151973089866,0.22650462413099093,1.9593174725409541
23,-1.0697549420732715,-1.0697549420732715,-0.3867787847815732,1.2887516488530748
24,-2.5621935553619917,-2.5621935553619917,-1.1140540151352503,-0.6315889412649538
25,-2.3513697971625547,-2.3513697971625547,-0.47497788906327737,-1.4456426052103133
26,-1.8784194371902798,-1.8784194371902798,-0.2743915558444083,-1.9132401641030603
27,-2.320254139746429,-2.320254139746429,-0.7041687408552659,-3.1064426415353212
28,-2.8846163679108914,-2.8846163679108914,-0.8857611198404148,-4.598906525598355
29,-1.6941319938017296,-1.6941319938017296,0.021866482692433756,-4.562268698653551
30,-0.1192299395532902,-0.1192299395532902,0.5384993452314278,-3.665019441925803
31,-0.30467004169243095,-0.30467004169243095,-0.14069657125660293,-3.8981515198862597
32,-0.9263980545243033,-0.9263980545243033,-0.4512473401109601,-4.641747549395104
33,-0.17084502396667373,-0.17084502396667373,0.2349169233678806,-4.256753740647196
34,0.6147287928143796,0.6147287928143796,0.4400403324606612,-3.539517933452812
35,0.0688266772001504,0.0688266772001504,-0.18506496851668178,-3.8395285319412893
36,0.5859638142409831,0.5859638142409831,0.3378031563315721,-3.2948607240203964
37,1.3944537651275435,1.3944537651275435,0.6502737737958818,-2.2519852474374424
38,0.6297158228682022,0.6297158228682022,-0.12973646376665382,-2.4589416836457665
39,-0.435686048260651,-0.435686048260651,-0.5126913474090877,-3.2724572256273388
40,0.08623896955911892,0.08623896955911892,0.22025609705615334,-2.9248066271118294
41,0.29928912269831887,0.29928912269831887,0.15766060129770673,-2.6772608861489817
42,1.2783862420333998,1.2783862420333998,0.7034969894606438,-1.5784481177345733
43,-0.5175490335853051,-0.5175490335853051,-0.8267210187470124,-2.863028896539918
44,-0.9721423505067308,-0.9721423505067308,-0.4280050258977875,-3.524641826895466
45,-1.4214523710197131,-1.4214523710197131,-0.5450184160246332,-4.36280878761114
46,-2.586886268844679,-2.586886268844679,-1.1333335764610375,-6.096823633843991
47,-1.4256972061098114,-1.4256972061098114,0.08305842649418699,-5.970389078646995
48,-0.3276141111703629,-0.3276141111703629,0.3484917630083134,-5.442584866151471
49,-0.9353584981780242,-0.9353584981780242,-0.49026550502776806,-6.181374897627277
50,0.8244319755893441,0.8244319755893441,0.9241502608701425,-4.795727823131118
51,1.3165835220140418,1.3165835220140418,0.550922572903447,-3.973803486470683
52,1.4173265920439604,1.4173265920439604,0.42261504041759346,-3.346427007635148
53,1.2521030466673462,1.2521030466673462,0.27194027642623253,-2.944719916194178
54,1.7069313924490426,1.7069313924490426,0.6501424833269094,-1.989050351745543
55,-0.30782100407367663,-0.30782100407367663,-0.9105938969831392,-3.321030191288645
56,0.4292370558056584,0.4292370558056584,0.42175635120170146,-2.7071005330387807
57,0.860319067016843,0.860319067016843,0.4161072131320212,-2.1043236995053327
58,-1.251527136932869,-1.251527136932869,-1.226188762609192,-3.8720422766483074
59,-0.40388618010534166,-0.40388618010534166,0.24187824308464698,-3.5250121745939276
60,-0.4927530547731734,-0.4927530547731734,-0.17537855583444364,-3.775433521303896
61,0.4858708631977953,0.4858708631977953,0.549936254407356,-2.993910825242197
62,-0.1475396697189914,-0.1475396697189914,-0.31042209760359374,-3.4329730128798657
63,-0.10676465948049517,-0.10676465948049517,-0.01295740388930249,-3.451213870528966
64,0.2787927216293584,0.2787927216293584,0.24468952195876084,-3.1083623532113105
65,-0.7089860557665927,-0.7089860557665927,-0.6283044996922158,-3.9846240419555183
66,0.17320501472042876,0.17320501472042876,0.43120943854730526,-3.3860273937751337
67,-0.0010401796914109723,-0.0010401796914109723,-0.0759625078881639,-3.490990582298802
68,0.4918585158643963,0.4918585158643963,0.35805706613073496,-2.9985079586195593
69,-0.2267223968181501,-0.2267223968181501,-0.3811417512893901,-3.520345464956347
70,0.9501681051866275,0.9501681051866275,0.7969709153096309,-2.4341439216788294
71,1.1753028415414506,1.1753028415414506,0.44607124119634867,-1.8289419432493552
72,0.5271566802055336,0.5271566802055336,-0.13180984718368255,-2.006966967968692
73,0.9482511652169303,0.9482511652169303,0.4700115417115247,-1.3750098108750821
74,1.8287058604887831,1.8287058604887831,0.941135951098472,-0.11525464951645703
75,2.8883990297912585,2.8883990297912585,1.344129204202581,1.6759208639815317
76,0.15946304743453554,0.15946304743453554,-1.1860930404904158,0.10234449354131225
77,0.9788096400832409,0.9788096400832409,0.6686148189829927,0.9854763051638318
78,1.0523542925633258,1.0523542925633258,0.35365393260074324,1.450544813677213
79,0.5375517953516514,0.5375517953516514,-0.07168832543447809,1.356684033490869
80,-0.6841338577660805,-0.6841338577660805,-0.7722246037094562,0.35001909851379764
81,0.8467082988134953,0.8467082988134953,0.9686019117159529,1.6072077119869412
82,-0.7537130141564733,-0.7537130141564733,-0.9763197996019339,0.34546971854237074
83,0.11471765724086497,0.11471765724086497,0.44058950634311456,0.9124151842771197
84,1.3706985905472084,1.3706985905472084,1.016065589690747,2.2142831804798093
85,-0.7772501337231545,-0.7772501337231545,-1.2538309361271613,0.6146138924283298
86,-0.768867920717155,-0.768867920717155,-0.23812547877772652,0.3120960519450674
87,-1.7705375699465922,-1.7705375699465922,-1.0349151303739026,-0.9971207655712319
88,-0.8182684339320546,-0.8182684339320546,0.19373577357440852,-0.7530666575353313
89,1.023414070315422,1.023414070315422,1.2072022118483265,0.7613084731393234
90,2.637604471361451,2.637604471361451,1.6198582904642218,2.784864502311521
91,-0.19555176006664476,-0.19555176006664476,-1.429319038812041,1.0067500594280059
92,-0.692280061761047,-0.692280061761047,-0.4640865513624918,0.43180105370694577
93,0.28817705627428325,0.28817705627428325,0.5702356307381595,1.1353461470378572
94,1.7522788858577916,1.7522788858577916,1.2853825841326305,2.714718799131079
95,1.4725779757929724,1.4725779757929724,0.34421136957299947,3.1359294434093767
96,0.1373947878850741,0.1373947878850741,-0.612243250109906,2.3897774458186674
97,0.37956838236848295,0.37956838236848295,0.24479866445087797,2.686908955456106
98,0.2111218284402565,0.2111218284402565,-0.01374760281469595,2.670289754475273
99,-0.07706762532401551,-0.07706762532401551,-0.16921704405361315,2.4665490320871033
100,-0.7807116737418296,-0.7807116737418296,-0.6124679694898773,1.732077933539683
101,-0.08116724830209221,-0.08116724830209221,0.32422498765512064,2.1193376894826885
102,0.2591792773845559,0.2591792773845559,0.25879364252952575,2.4272173158484995
103,0.06252343885438327,0.06252343885438327,-0.07846991066752095,2.334233188272149
104,-0.18417387638804014,-0.18417387638804014,-0.18782408914539245,2.1125452485714793
105,-1.395420896372497,-1.395420896372497,-1.0929298709348303,0.8276286780318063
106,-1.3234282049649315,-1.3234282049649315,-0.4151566840448133,0.34145301089037294
107,0.41239274836768347,0.41239274836768347,1.0342435830325558,1.5479026822370154
108,0.056877392154581846,0.056877392154581846,-0.16399462673528806,1.3573444253709872
109,-1.4055708815453762,-1.4055708815453762,-1.2438119556990481,-0.08235289146713809
110,0.4911002780240906,0.4911002780240906,1.1573339536080283,1.2520899154841783
111,0.8249255752973745,0.8249255752973745,0.461658448286883,1.7823553239670984
112,2.603042373803728,2.603042373803728,1.8423765600757034,3.8904423525924017
113,1.6243375936739566,1.6243375936739566,0.05484164443296969,3.952954521984122
114,0.5132179771526817,0.5132179771526817,-0.40631112762899435,3.4915699429324296
115,-1.1397139124839375,-1.1397139124839375,-1.2796792454117727,2.043925244156883
116,0.6400100225735169,0.6400100225735169,1.1746579193471651,3.3677636142207623
117,2.953517526534622,2.953517526534622,2.2885382173296125,5.937275127211274
118,0.9511755786968981,0.9511755786968981,-0.7339076108236813,5.116340189987399
119,-0.07638229300605959,-0.07638229300605959,-0.5806504284148691,4.469252549763201
120,0.5503594228687059,0.5503594228687059,0.5369680415421174,5.0654413484355425
121,-0.5001297816921632,-0.5001297816921632,-0.7506378184914004,4.235095913022156
122,-0.5706362360074871,-0.5706362360074871,-0.24548993732930696,3.9645375460299666
123,-0.6922194410465616,-0.6922194410465616,-0.3185917613449898,3.614699846587897
124,-0.22337277733587982,-0.22337277733587982,0.1754549095031741,3.8066587338799542
125,0.9607947769991522,0.9607947769991522,1.004345132969405,4.9014771772806345
126,0.5985444559134109,0.5985444559134109,0.020317655638108032,4.923544766994554
127,1.2780367693281853,1.2780367693281853,0.8491097462676241,5.842454862774693
128,0.34693316559641757,0.34693316559641757,-0.389396129763396,5.422565966774199
129,0.5359584350812537,0.5359584350812537,0.3050879526974913,5.750364502497602
130,-1.816650528464437,-1.816650528464437,-1.9972240690027203,3.612138912984413
131,-2.5399383838600507,-2.5399383838600507,-1.3591750242032548,2.1621908462030244
132,-0.7280496176342561,-0.7280496176342561,0.7487432521639061,2.9581042588847986
133,-1.0269791696214996,-1.0269791696214996,-0.5571443825670367,2.3679548598438527
134,-0.03627257830024233,-0.03627257830024233,0.5494185627224258,2.94786978331651
135,0.5205807078344987,0.5205807078344987,0.5156344793271115,3.490214038131154
136,1.634627282937514,1.634627282937514,1.2615732345281128,4.812492896367969
137,1.7926354294387092,1.7926354294387092,0.777297446952089,5.62435195604417
138,2.092572607829837,2.092572607829837,0.9770926911867859,6.641343306210781
139,1.1438722340336926,1.1438722340336926,-0.10766309425472607,6.529671975546572
140,-0.011961836142662552,-0.011961836142662552,-0.6755530213993121,5.831386798983694
141,-0.7387358794112615,-0.7387358794112615,-0.7101860254548809,5.09982802125803
142,-0.9312854679354896,-0.9312854679354896,-0.4754150904148173,4.611784080969297
143,-1.6886003947743995,-1.6886003947743995,-1.1043655196238287,3.4819549669561916
144,-1.560603818984998,-1.560603818984998,-0.5369333964869957,2.9345113848358335
145,-1.0289313428994729,-1.0289313428994729,-0.09110092798705428,2.8419423333273595
146,-0.3657468486338692,-0.3657468486338692,0.24846155697510733,3.093554290433174
147,-0.5583388992501068,-0.5583388992501068,-0.3357791050190611,2.754663500363389
148,-2.258686205903346,-2.258686205903346,-1.9124426492710842,0.8309806340101069
149,-1.4274946780449314,-1.4274946780449314,-0.07210194543488635,0.7586976795071831
150,-0.631151019799741,-0.631151019799741,0.22553388868583824,0.984043466534401
151,0.7057849827639995,0.7057849827639995,1.0890017866081338,2.068519061178245
152,1.0013348852742263,1.0013348852742263,0.5822051101905699,2.6463829567940715
153,-0.04275975498097373,-0.04275975498097373,-0.6505442328232155,2.002822270648562
154,-0.7494324131133021,-0.7494324131133021,-0.7340471790914294,1.279045710523844
155,1.5609380745077421,1.5609380745077421,2.045841719345582,3.289643232899567
156,1.6932007987218802,1.6932007987218802,0.7724275607371273,4.0462811869168025
157,2.8473603019709692,2.8473603019709692,1.875773507929325,5.8777210096546435
158,3.8378607124022346,3.8378607124022346,2.188102018306672,8.007165540874297
159,1.4846327608359478,1.4846327608359478,-0.8433500235873627,7.189081874268904
160,1.2760489587790276,1.2760489587790276,0.39845464567760563,7.574351176546363
161,1.2237963801044633,1.2237963801044633,0.47537695076164377,8.032518181383411
162,1.293890052124564,1.293890052124564,0.5825012048457193,8.592130405445296
163,1.3182362565568055,1.3182362565568055,0.5658761968513073,9.134032630727363
164,0.9929963908456642,0.9929963908456642,0.21166825486146412,9.336087267638945
165,0.7699270787571616,0.7699270787571616,0.18299559141106161,9.510216511888707
166,-1.0405436938401431,-1.0405436938401431,-1.5840212233741886,8.007716570794267
167,-0.7897273994883343,-0.7897273994883343,-0.17492762862641306,7.842315387610019
168,-1.2214561407105335,-1.2214561407105335,-0.7931758263716899,7.094695686592486
169,-0.6067863788198913,-0.6067863788198913,0.13419141456443795,7.220782992198915
170,-0.8316180873555106,-0.8316180873555106,-0.4991583193834001,6.753236732135339
171,0.11954989874963629,0.11954989874963629,0.6624057794174084,7.371757483298282
172,0.890805648929725,0.890805648929725,0.8799252406995717,8.190833192978225
173,0.8431757543663662,0.8431757543663662,0.33265596262605485,8.499525557986756
174,0.8220735969357058,0.8220735969357058,0.34176773529972665,8.815693702302642
175,0.5861908431113899,0.5861908431113899,0.10078275772120739,8.908640387252609
176,-0.09608338709537073,-0.09608338709537073,-0.48704562147725594,8.460842494290404
177,-0.2221512964899933,-0.2221512964899933,-0.17946840763959224,8.296341230057633
178,-0.6289368412011409,-0.6289368412011409,-0.5423973196958823,7.800695166750488
179,0.010625029425107846,0.010625029425107846,0.4258790328895801,8.18868230089628
180,0.02048842949703724,0.02048842949703724,0.0155388899996342,8.202795712738252
181,0.5935842563070726,0.5935842563070726,0.6419434522199573,8.784086911347103
182,-0.9724977578138567,-0.9724977578138567,-1.4717164519955586,7.4554385997490025
183,0.3042802737165575,0.3042802737165575,0.9863386925766978,8.343217528153874
184,-0.5801280726208122,-0.5801280726208122,-0.8499160903136451,7.580521291303127
185,-1.0823590298427537,-1.0823590298427537,-0.820704380146817,6.84623910503286
186,-0.8468584027673902,-0.8468584027673902,-0.22134050807121386,6.648796120171123
187,-1.0714996293956998,-1.0714996293956998,-0.6334549579961628,6.085411532435857
188,-0.35177458213912927,-0.35177458213912927,0.3283056253073377,6.376536727934147
189,-0.7852295257485183,-0.7852295257485183,-0.6494100768865864,5.802371951469107
190,-1.5406152659680366,-1.5406152659680366,-1.2132053348541068,4.732894400950181
191,-1.7701719679598353,-1.7701719679598353,-0.96229484793038,3.887091592571168
192,0.24988014449161122,0.24988014449161122,1.497062775993898,5.19907491783868
193,0.19418641533224107,0.19418641533224107,0.050649556395411625,5.243333246475954
194,-1.0510184357452652,-1.0510184357452652,-1.3400284989973612,4.075802961531345
195,-0.6222336582697383,-0.6222336582697383,0.009643104325261465,4.084180364708765
196,-1.9292866096672519,-1.9292866096672519,-1.7962219461916367,2.528233950003356
197,0.631994592171957,0.631994592171957,2.071893836316854,4.317800507975664
198,-1.1452814049878037,-1.1452814049878037,-1.770074391456386,2.7933223476846862
199,-0.2084161383471137,-0.2084161383471137,0.5574791510689217,3.272075052330255
200,0.41857598130595897,0.41857598130595897,0.6348349786106877,3.815700716644482
201,-1.198862165056954,-1.198862165056954,-1.6981309504493012,2.3656929628039527
202,-0.41904078061588396,-0.41904078061588396,0.3526619878251518,2.665969481222241
203,0.7457475717962292,0.7457475717962292,1.1744655665057484,3.6631415213880008
204,0.9150238288395928,0.9150238288395928,0.5522696405284017,4.130716807149856
205,0.8100305713871077,0.8100305713871077,0.3091670224743543,4.391733081233208
206,1.4351150242932693,1.4351150242932693,1.127349397094332,5.340829762694213
207,1.0219735634646239,1.0219735634646239,0.19166176232397422,5.501734311582875
208,0.9496094261558303,0.9496094261558303,0.40185691756115793,5.838159599659931
209,0.44305410920956645,0.44305410920956645,-0.15177885576330713,5.7114480531759995
210,0.8976381915412157,0.8976381915412157,0.758905208460993,6.343253779191476
211,-0.40280123231263665,-0.40280123231263665,-1.1339042775154586,5.40186963195411
212,0.5500825194866413,0.5500825194866413,0.9563284103430727,6.193632890828333
213,-0.1752520220965294,-0.1752520220965294,-0.6120137942630501,5.688331357039819
214,-1.1958045863187636,-1.1958045863187636,-1.3246249230413447,4.597677983978973
215,-0.3522337960192889,-0.3522337960192889,0.4448232274384835,4.962926939750942
216,1.4816152739120703,1.4816152739120703,2.067440711084383,6.6558824912745855
217,1.850647375937979,1.850647375937979,1.1776143041766365,7.6175607028653225
218,0.5947385979601205,0.5947385979601205,-0.6331560070146268,7.101910875262655
219,1.0549028307746913,1.0549028307746913,0.8594641203655785,7.799970547261275
220,0.17873257874344572,0.17873257874344572,-0.5607473189214565,7.345761427539905
221,-0.016779908890246956,-0.016779908890246956,-0.15352324995839253,7.221741971403591
222,0.0794605478829284,0.0794605478829284,0.11112593440216435,7.311270464620668
223,-2.2695418881708678,-2.2695418881708678,-2.8839502181960204,4.994052247720043
224,-1.1701103667400372,-1.1701103667400372,0.2391185938338169,5.185667013882526
225,-1.7316754088620283,-1.7316754088620283,-1.2883006461086737,4.15605782506452
226,-1.7364038587724604,-1.7364038587724604,-0.8749500133749842,3.4586592116092767
227,-2.5162327259841946,-2.5162327259841946,-1.8546797570585332,1.9842688008885583
228,-3.02629785373672,-3.02629785373672,-1.9127875355750532,0.46771058274235466
229,-2.7590431129634734,-2.7590431129634734,-1.1928594049190182,-0.4755538179790868
230,-0.8298285724795023,-0.8298285724795023,1.0468132650739113,0.3500434773194949
231,1.168144203975874,1.168144203975874,2.118014167101023,2.0160848247830705
232,0.675681418866005,0.675681418866005,-0.032127039294078674,1.990879721263551
233,1.497199784882915,1.497199784882915,1.3952687139277384,3.082670654826863
234,0.634339224051067,0.634339224051067,-0.3382389757585783,2.8186900079481814
235,-1.53136929036212,-1.53136929036212,-2.456198812484189,0.906717183155421
236,-0.7689049581958418,-0.7689049581958418,0.19308959809771858,1.0566337991768513
237,-0.01569471177493359,-0.01569471177493359,0.5754740092500484,1.5022820623194229
238,-0.4380333818225427,-0.4380333818225427,-0.5549117499407433,1.0736655075618402
239,0.03940420511939735,0.03940420511939735,0.39228604691243335,1.375889741774763
240,0.5961987706809591,0.5961987706809591,0.7450878046935984,1.9484459893840838
241,-0.5056883052251206,-0.5056883052251206,-1.1264657998426268,1.0850384217503877
242,-1.7802470806993749,-1.7802470806993749,-1.931718723608733,-0.39179567581391495
243,-1.2894024137616371,-1.2894024137616371,-0.2901421483742079,-0.6130498411559271
244,-0.984701988527365,-0.984701988527365,-0.2774794248128989,-0.8241103814263099
245,-0.9434844069718351,-0.9434844069718351,-0.4648207134204524,-1.176773595281726
246,0.421156108618265,0.421156108618265,1.3045172034094845,-0.1895268424803599
247,1.9782824545803972,1.9782824545803972,2.285901009008997,1.5360619469290784
248,0.7703224547644291,0.7703224547644291,-0.5533267158699837,1.119414928945269
249,1.1610801760214091,1.1610801760214091,0.9304877224913098,1.818301632108021
250,1.637579218539781,1.637579218539781,1.255883847721344,2.7592327450349567
251,1.69570395154725,1.69570395154725,0.9542485325030722,3.4723891654583383
252,2.064908658058053,2.064908658058053,1.4051005537708119,4.519875452588041
253,0.849701224802146,0.849701224802146,-0.5234324171307653,4.130631482555355
254,1.2496270943946015,1.2496270943946015,0.9973182559382321,4.870437842068669
255,2.77425819249625,2.77425819249625,2.735923417492916,6.894919777928158
256,2.4682204748778096,2.4682204748778096,1.088772289544104,7.698585337308217
257,0.8610386160097254,0.8610386160097254,-0.8418756254823827,7.078691668391257
258,1.1243356635403794,1.1243356635403794,0.8273615005068796,7.686404162325801
259,1.936981689829722,1.936981689829722,1.722864588429452,8.948784454031296
260,1.5311753002874615,1.5311753002874615,0.5048151280405684,9.317770740420924
261,0.3553044840296199,0.3553044840296199,-0.7726772485498448,8.754370044278067
262,1.7562632734393486,1.7562632734393486,2.121413789846859,10.297450627299645
263,-0.1960090824993166,-0.1960090824993166,-1.7223417311146834,9.047683580736718
264,0.3858195971563366,0.3858195971563366,0.6954661537692475,9.551108627392646
265,0.21531618382667395,0.21531618382667395,-0.022400065142709025,9.534933052925517
266,-1.0644760148814978,-1.0644760148814978,-1.6569833897914743,8.341267327748014
267,0.58076407465405,0.58076407465405,1.6968469303278593,9.560717011330963
268,0.6963460384937756,0.6963460384937756,0.4852422112478703,9.908604605032309
269,-0.7489905540028037,-0.7489905540028037,-1.6313747467787483,8.74180642793324
270,0.152334024160161,0.152334024160161,0.8433237985537018,9.343534784495082
271,-0.3402000144152434,-0.3402000144152434,-0.6063301518011562,8.911934355583742
272,-2.106908510816272,-2.106908510816272,-2.679469284771237,7.009145853416616
273,-1.9530502318897156,-1.9530502318897156,-0.9724028105603667,6.320240728016664
274,-0.9082786916322136,-0.9082786916322136,0.37288789942841283,6.58379217551828
275,0.09073567129679527,0.09073567129679527,0.9015519230243186,7.219495061794404
276,0.22000630790634967,0.22000630790634967,0.23535645528668453,7.385059966922676
277,0.17716879601180024,0.17716879601180024,0.06435448600539205,7.430224978190666
278,0.5762912847503425,0.5762912847503425,0.6712461621219715,7.900214985333928
279,0.13479866888499153,0.13479866888499153,-0.3020233846997846,7.689238883368715
280,1.257833805273289,1.257833805273289,1.6888021403813052,8.866193487311008
281,0.9033419313774063,0.9033419313774063,0.21378093478442817,9.014835135524441
282,0.8359267113001689,0.8359267113001689,0.4237082814041096,9.308756687998166
283,1.0423550183258472,1.0423550183258472,0.7814048867827097,9.849555679543911
284,-0.4317558293089696,-0.4317558293089696,-1.531041684414248,8.792386839239434
285,-0.9682803739351411,-0.9682803739351411,-1.0295037879567877,8.083159962889674
286,0.9476108896787309,0.9476108896787309,2.223967776103004,9.611739076929489
287,0.9038752241682182,0.9038752241682182,0.4889685159103769,9.947047767290469
288,0.2597090558857524,0.2597090558857524,-0.4130724154049897,9.66443168867529
289,0.4973089623429473,0.4973089623429473,0.5002534165811147,10.005915217486786
290,-0.1832368576557818,-0.1832368576557818,-0.7071565204284364,9.524292982425235
291,0.16862417403882557,0.16862417403882557,0.40994354495720825,9.80285927105753
292,-0.5646965505667626,-0.5646965505667626,-0.9821320151648018,9.136988216067472
293,-0.06279911300089619,-0.06279911300089619,0.40803783431356827,9.413007033406632
294,-1.615382020119547,-1.615382020119547,-2.3375809936279146,7.835304481087623
295,0.36169058159395384,0.36169058159395384,1.9763825650511255,9.166224274753304
296,-0.29594352374061605,-0.29594352374061605,-0.7634423096984393,8.653266402056316
297,-1.7588073112395564,-1.7588073112395564,-2.3586627871706165,7.072025205061129
298,-1.279126081330787,-1.279126081330787,-0.33464146494608704,6.848183510474076
299,-1.1384718435166825,-1.1384718435166825,-0.5558749328206908,6.477187315755866
300,-0.5306846875095579,1.4693153124904421,0.2288520493006781,6.629585734356318
301,-1.4636614213538568,0.5363385786461432,-1.7236117260043105,5.484335125508196
302,-0.48073125302205577,1.5192687469779442,0.5995161425884781,5.881800725298454
303,3.335128936554771,5.335128936554771,5.477697064803386,9.50536841366646
304,0.7224096411895726,2.7224096411895724,-1.9372136169858694,8.22670069292317
305,0.7711613604130291,2.771161360413029,0.5127751520843075,8.564416268622455
306,0.1519779625973926,2.1519779625973925,-0.4728217614396699,8.25369741497203
307,0.2837950723728493,2.2837950723728495,0.2937356883355041,8.446305709786445
308,-1.6415319944135536,0.3584680055864464,-2.7691338466444315,6.634496671949182
309,-2.1359285846264777,-0.13592858462647772,-1.763023561719753,5.483487283970836
310,-0.8218976155732113,1.1781023844267886,0.705604244772721,5.943146819173512
311,-0.5315565887391493,1.4684434112608507,-0.05910217841852692,5.904728799778289
312,1.316304227347492,3.316304227347492,2.5211059428643936,7.539966980369271
313,0.08498514413712865,2.0849851441371285,-1.0889649191104338,6.835169588097904
314,0.22549061363867184,2.225490613638672,0.27019751492079475,7.009669115254299
315,3.048415820721031,5.048415820721031,4.5204447247644595,9.922790567792127
316,1.0634880560146867,3.0634880560146867,-1.1905183272509243,9.157229131374194
317,-0.26574065986714535,1.7342593401328545,-1.4085618800664543,8.253395637898237
318,-0.19457448081537532,1.8054255191846247,-0.054865099197587565,8.218265553003148
319,-0.16130736732488413,1.8386926326751158,-0.06974542806081846,8.173702874167489
320,0.7473828597276042,2.747382859727604,1.3240319861020389,9.017870154290025
321,0.5780055886341473,2.5780055886341473,0.20366558303660445,9.147446027087609
322,-0.40993595906814695,1.590064040931853,-1.1919591671228504,8.390706714838974
323,-0.03454002343331161,1.9654599765666885,0.33372133125736836,8.60212826684655
324,2.6178727385187175,4.6178727385187175,4.173740272234261,11.240725019425255
325,2.8424973171522527,4.842497317152253,2.015941742073374,12.512498693466277
326,-1.0766707273318716,0.9233292726681284,-4.4194222294131835,9.730329575843054
327,-0.7880193499934274,1.2119806500065726,-0.22606532072148475,9.58831266224875
328,-1.3479021319470221,0.6520978680529779,-1.3959081698232851,8.713222140297784
329,-0.18647876476306235,1.8135212352369376,0.9946850710232588,9.335484654702935
330,-0.2851507394819377,1.7148492605180623,-0.2775397490130621,9.162221174078834
331,1.7616053043060313,3.7616053043060313,3.1023154619321853,11.094916922074027
332,1.9881987462025255,3.9881987462025252,1.4979056186090427,12.026152485692934
333,2.0833221401807887,4.083322140180789,1.435198652202719,12.916555378152209
334,1.4365643441350249,3.436564344135025,0.3013480810946393,13.10312643817876
335,0.8216409531734873,2.821640953173487,-0.06522299646351935,13.062828784871233
336,0.8331645007786199,2.83316450077862,0.551727547415031,13.403008713745761
337,1.795178491885947,3.795178491885947,2.105099961512817,14.698288505164536
338,1.6114968650043653,3.6114968650043653,0.8702791661284031,15.232678275037333
339,0.6157655531649564,2.615765553164956,-0.5730084859871708,14.88154570919967
340,1.6445439903678705,3.6445439903678705,2.0850507895998067,16.156630367668566
341,1.1788367632774295,3.1788367632774293,0.3147851873608649,16.348740736725272
342,0.629686994494834,2.629686994494834,-0.12743641890541205,16.27112567325365
343,-0.4135646419651317,1.5864353580348682,-1.3020064682828592,15.479748834591618
344,-0.8141310616452295,1.1858689383547705,-0.9330840951758325,14.913756558125467
345,-1.1245254167141017,0.8754745832858983,-1.0506983114187494,14.277709778398503
346,-3.467072409782351,-1.467072409782351,-4.622073662597633,11.485352618644612
347,-1.0633972454712473,0.9366027545287527,1.6865387313782558,12.502198819042775
348,-0.07156077785493742,1.9284392221450626,0.9414497835816124,13.068676388470585
349,-0.2572070582920604,1.7427929417079395,-0.35681955776318897,12.854405796891488
350,0.8916595034339667,2.8916595034339667,1.7453434833722845,13.900389535300691
351,0.972983481593772,2.972983481593772,0.7322950938275327,14.338377314834084
352,0.9553575679258639,2.955357567925864,0.6224840820467351,14.709944793803684
353,-1.9015490088231455,0.09845099117685452,-4.154214940069026,12.235181244225021
354,-1.373945324904506,0.6260546750954941,-0.39192577463722617,12.002165324614403
355,-0.2921780691754504,1.7078219308245495,0.8969030425075826,12.534354450381656
356,1.4343799902829668,3.4343799902829666,2.7181940406574325,14.144041282169892
357,2.7009228757872767,4.700922875787277,3.1137543614680014,15.98433616378739
358,3.0463919711926395,5.046391971192639,2.4172599975441362,17.410174409507665
359,0.666225664166082,2.666225664166082,-1.973184783178828,16.248564890958164
360,-1.797935968587553,0.2020640314124471,-3.74044400458331,14.050893523870961
361,-0.5082920064455996,1.4917079935544004,0.972845860706396,14.621363098577893
362,-0.2773593685167166,1.7226406314832834,0.04718665689713387,14.648978933928536
363,0.7961376332424166,2.7961376332424166,1.6479104546551484,15.611532188280982
364,0.35179821634140657,2.3517982163414066,-0.2159368674510093,15.485647824676938
365,0.43083389332834376,2.4308338933283435,0.3776923788772004,15.705402788200438
366,-1.2414886770596307,0.7585113229403693,-2.583036171899701,14.2054137751438
367,-0.2968835510768039,1.703116448923196,0.7729849392434058,14.653423430302775
368,-0.6230285835202691,1.3769714164797309,-0.7691024172808355,14.208524977428588
369,-0.0238317924079105,1.9761682075920894,0.6061933365912527,14.558510335132839
370,0.4451069180973875,2.4451069180973874,0.7972496332004141,15.017916328674973
371,0.1498420059775366,2.1498420059775367,-0.2038178028271337,14.900694183794077
372,0.40670632570045506,2.406706325700455,0.5518897678228535,15.21749530590801
373,0.2304167648869709,2.230416764886971,-0.02374983376054654,15.203888275374707
374,0.8974495600606915,2.8974495600606915,1.3276485432923426,15.963087776503215
375,1.0402126844823805,3.0402126844823805,0.8790972026611701,16.46483072494918
376,0.0769112416522213,2.0769112416522213,-0.9605976828758316,15.917614355911974
377,-0.5417551361112687,1.4582448638887313,-1.0339810212714369,15.329712474809373
378,1.41868569632385,3.41868569632385,3.07264821397177,17.073451252799984
379,0.7496159224781807,2.7496159224781804,-0.17936099548715664,16.971855757483855
380,1.4415773160524106,3.4415773160524106,1.754291025773205,17.96366352004936
381,1.2583321199151882,3.2583321199151882,0.6971267991589184,18.3570492503331
382,0.1908867814529832,2.190886781452983,-1.0015586538274355,17.792936759836973
383,-0.6344417280825697,1.3655582719174304,-1.3322730895740738,17.043962962882613
384,-0.2605393473552037,1.7394606526447962,0.2140804232641169,17.16408865237695
385,0.10033081230026969,2.1003308123002697,0.4582502553471997,17.420743073090343
386,0.6745622068402164,2.6745622068402164,1.0989828470808825,18.035106792550398
387,-0.8621961034032539,1.137803896596746,-2.2705392895311793,16.768173365043015
388,-1.112000944468058,0.8879990555319419,-1.067749366025504,16.173490082616908
389,-0.7620667700950903,1.2379332299049097,-0.1706483041383309,16.078623879202652
390,1.1435093980905413,3.1435093980905413,2.884823108897044,17.67937333935025
391,-1.6740729317717922,0.32592706822820783,-4.261324080354166,15.319194768724133
392,-0.5653321109551515,1.4346678890448485,0.7942862616442995,15.758306416832056
393,-0.8792451251865139,1.1207548748134861,-0.9786640726625555,15.218260558218633
394,-0.09616973226874298,1.903830267731257,0.783176728450655,15.649637901061798
395,-0.5496807456414444,1.4503192543585555,-0.8948431024912795,15.157658994781599
396,0.034742616184517905,2.034742616184518,0.6642862869548969,15.522210058350984
397,1.5854836103972942,3.5854836103972945,2.856313351403638,17.086848099037567
398,1.3054866696954688,3.305486669695469,0.6477834215980711,17.44104460249466
399,1.2166919442950936,3.2166919442950936,0.7940842017853073,17.874444544972473
400,1.1028730550119406,3.1028730550119406,0.6844027518099425,18.247302433407356
401,-0.08858968749600327,1.9114103125039967,-1.3797501549820352,17.49698891290419
402,0.4898640393633198,2.4898640393633196,1.0003676119007132,18.04000676476511
403,0.08557186088701116,2.0855718608870113,-0.384519407511017,17.83166020203413
404,-0.7603705276263695,1.2396294723736305,-1.500789417204713,17.019946557875553
405,-0.494770242787448,1.505229757212552,-0.07140054112153492,16.981398631663925
406,-0.5241506191203991,1.475849380879601,-0.42175482176523277,16.754110158215994
407,0.4389894238520063,2.4389894238520062,1.400667365765522,17.50758995354024
408,0.2205544293136798,2.2205544293136796,-0.07977822284597329,17.464750728542715
409,-0.39710939990599603,1.602890600094004,-0.9877320521699047,16.93530867104851
410,1.2177059357780424,3.217705935778042,2.7211355242410287,18.39128024677015
411,1.7190113241467495,3.7190113241467495,1.8505457025801921,19.379668009450075
412,2.3011362324223708,4.301136232422371,2.381537601868464,20.649397447384395
413,1.9883491014680155,3.9883491014680157,1.1417856693613098,21.257064809398987
414,1.083310466446154,3.0833104664461537,-0.2064868384391886,21.14736581496433
415,0.2308928759693773,2.2308928759693774,-0.79026043356118,20.728272411066015
416,-0.1408042694705364,1.8591957305294635,-0.5276681208706547,20.448932416013854
417,0.8632080481299992,2.8632080481299993,1.7933344010388412,21.396623025826173
418,0.6298281091227411,2.629828109122741,0.2121305087110251,21.508526306070916
419,-1.104946278894238,0.8950537211057621,-2.815916655623483,20.025683161703032
420,-0.7020505650535659,1.297949434946434,-0.07434866109941217,19.98660036398601
421,-1.8373345452333425,0.1626654547666575,-2.6986359789293375,18.570496157784806
422,-0.9365348930776509,1.063465106922349,0.31664036936611406,18.73636199184716
423,-1.7657405700581483,0.23425942994185167,-2.3021292003160925,17.532542357635602
424,-2.3233804702491456,-0.3233804702491456,-2.421313367488914,16.268606229421344
425,-1.2754488282277936,0.7245511717722064,0.22755773336057925,16.387185683343038
426,-0.8434836227453901,1.1565163772546099,-0.15035692181758634,16.308971357534325
427,-2.1678518734368426,-0.1678518734368426,-3.20007031837615,14.647209657744718
428,-0.5524874059907476,1.4475125940092524,1.4433597766802235,15.395433375816076
429,1.8316042448898053,3.8316042448898053,4.179940595860641,17.558530064300328
430,-0.3824131973571805,1.6175868026428195,-2.867537855601817,16.077154320009264
431,1.5904018003635947,3.590401800363595,3.5288070924215935,17.897004038787166
432,0.2664516559899496,2.2664516559899495,-1.3359649333714843,17.20921461455896
433,-0.3342196255708052,1.6657803744291948,-0.9613733165885563,16.715123995394183
434,-0.37941899628022535,1.6205810037197748,-0.3486658271198899,16.53623677445644
435,-1.6729286184334793,0.3270713815665207,-2.8217891645544575,15.090959553791096
436,0.29537004337817585,2.295370043378176,2.5407805203913614,16.39008676822936
437,0.6699156544642406,2.6699156544642406,0.9652353471973503,16.882780396666696
438,-0.34950480913462434,1.6504951908653758,-1.4746818267635724,16.13132619485353
439,-0.48678004010247183,1.5132199598975282,-0.544671702115273,15.854249040231831
440,-1.8084274620275933,0.1915725379724067,-2.9858864058113976,14.33788960226572
441,-1.432814217406127,0.5671857825938731,-0.6859361770183274,13.990131862076149
442,0.0765246209963013,2.0765246209963015,1.8497633801823261,14.926345013516126
443,-1.6693749995452598,0.3306250004547402,-3.3947846825969528,13.211055241373085
444,-1.4378653286783685,0.5621346713216315,-0.8648337072279882,12.774814912421872
445,-0.7159274615592093,1.2840725384407907,0.29150045000512875,12.921606648069684
446,0.6186828689123924,2.6186828689123924,2.0851038073085046,13.969845993917602
447,1.720540274088009,3.720540274088009,2.6885242315457,15.319176546658175
448,0.575071208616126,2.575071208616126,-0.9125975103551754,14.861923590821496
449,-0.395264151406166,1.6047358485938341,-1.4799958008340073,14.121616714245654
450,0.2132411702688893,2.2132411702688892,0.9019272011762111,14.572016375358244
451,-0.2353100897603273,1.7646899102396727,-0.7286321076692414,14.208761583436583
452,-0.45120542724968093,1.5487945727503192,-0.6228853353573601,13.8987422100431
453,0.8094604225932034,2.8094604225932036,2.173892195268449,14.978925888986112
454,2.175414123891196,4.175414123891196,3.406274588363679,16.668663759321387
455,1.571116045469027,3.5711160454690267,0.5368394445524997,16.934531330455695
456,0.7504548525503616,2.7504548525503614,-0.38876160198108944,16.74231655572464
457,1.0215348765065055,3.0215348765065055,1.1573061677775063,17.313578520700926
458,-1.2745949035254447,0.7254050964745553,-3.830176111304462,15.426062691271577
459,-0.7830060054663052,1.216993994533695,-0.037092211402152395,15.407813627920538
460,-1.5303804487343644,0.4696195512656356,-2.159221140286915,14.347236782465956
461,1.4711995693995763,3.4711995693995763,4.872597837894822,16.73666462110615
462,1.6029196691174759,3.602919669117476,1.4710594512003385,17.45686454858388
463,1.103121649218917,3.103121649218917,0.289229963966115,17.598234396332312
464,0.4675083602752303,2.46750836027523,-0.3983014731417149,17.40386976707619
465,-2.234451024392678,-0.23445102439267806,-5.162167699275184,14.888913726518375
466,-0.6278660903505918,1.372133909649408,1.4654737423322137,15.60171825080339
467,1.252649293933633,3.252649293933633,3.35530316783908,17.231087198947378
468,0.022769679278535015,2.022769679278535,-1.5032670832126411,16.502267301865732
469,0.6970663184544242,2.697066318454424,1.4118749285860397,17.185671812753036
470,1.1407829476324127,3.1407829476324127,1.495145647004708,17.908214969312795
471,-0.8636578975583928,1.1363421024416072,-3.2086819657932035,16.360087303174954
472,0.4175456086472682,2.417545608647268,1.942559468649741,17.295827650357257
473,1.605308440895834,3.605308440895834,2.816994707501933,18.650608726064732
474,1.1916651828490692,3.191665182849069,0.47584131484754955,18.8790888443763
475,0.6518171150040767,2.651817115004077,-0.1317961642476683,18.815906849670938
476,1.1790537593964183,3.1790537593964183,1.6463043543039337,19.603870340064912
477,-0.8333217197367631,1.166678280263237,-3.2242656229250057,18.0631163646903
478,-0.4067123289826931,1.593287671017307,0.19551573028369343,18.156397067549662
479,0.8103145598254238,2.8103145598254238,2.2134140420666313,19.210739024764703
480,-0.7562465956082224,1.2437534043917777,-2.6124328881947054,17.968303693261227
481,0.5388232517883269,2.538823251788327,2.0903649087593283,18.96087490241449
482,-0.09493570786376565,1.9050642921362344,-0.8821922772397304,18.542645243477725
483,-2.1377883783306966,-0.13778837833069657,-4.396137745904071,16.46181828986529
484,-1.388420981228212,0.611579018771788,-0.2237654958034456,16.356070335635494
485,-1.8049491983342394,0.1950508016657606,-2.0598042502233516,15.384173726038181
486,-0.7637098784677172,1.2362901215322828,0.6776938780258576,15.703433366571007
487,-1.6303670779153425,0.3696329220846575,-2.4920229642537657,14.531292215736295
488,0.0720556619233611,2.072055661923361,2.236438934076559,15.58156812440886
489,-0.6955969247146103,1.3044030752853897,-1.575719092132172,14.842737802540235
490,-0.061000659669398105,1.9389993403306018,0.7612010268053615,15.199095297699603
491,-0.6305803392340398,1.3694196607659603,-1.270760096007716,14.605115354267202
492,-0.7012535156985307,1.2987464843014693,-0.6919014493404511,14.282210042109096
493,0.7710079352301755,2.7710079352301755,2.5576085766221492,15.47397008675839
494,0.6778832073679892,2.677883207367989,0.46272287065271395,15.689248532988275
495,0.011697833225094156,2.011697833225094,-0.8504071479079371,15.294216441792576
496,-1.2444893146223206,0.7555106853776794,-2.6983682818044286,14.0427084272352
497,0.41325768512768457,2.4132576851276846,2.504836348566015,15.202659701136277
498,0.9807657803635208,2.980765780363521,1.5849029546096693,15.935470870423186
499,0.26192389426852075,2.261923894268521,-0.7073120320527466,15.608935296473595
500,0.40046535873556766,2.4004653587355675,0.5278508736489224,15.85224631864805
501,-0.7892983367236509,1.2107016632763492,-2.2370537293529824,14.822668766683059
502,-1.4884238872368942,0.5115761127631058,-2.208431231822578,13.807823881480354
503,-1.7192420408200388,0.28075795917996116,-1.800647835422206,12.981636173002451
504,-0.6781180065170698,1.3218819934829302,0.7714625834762133,13.335063390977405
505,-0.11102490981178165,1.8889750901882183,0.6467615998696723,13.630909285075866
506,-0.8119178767597753,1.1880821232402248,-1.631827702570208,12.88560635420316
507,0.25062387023959,2.2506238702395898,1.6178079002238406,13.623380950498616
508,0.9350678630455339,2.935067863045534,1.7233127763877991,14.408074491400395
509,0.7339488821221989,2.733948882122199,0.38031136303589724,14.580982655695273
510,1.478757897028638,3.478757897028638,2.2874018616913907,15.619371223450592
511,0.5998922876094925,2.5998922876094923,-0.6339724181603715,15.332008772842903
512,0.2469142372837882,2.246914237283788,-0.2497219908941642,15.218987637560994
513,0.6210072172969077,2.6210072172969077,1.0463675686398237,15.691846312487629
514,0.33856032110060363,2.3385603211006036,-0.07544811738887422,15.657802303210088
515,0.9970353911114971,2.9970353911114973,1.762085115760908,16.451701501661223
516,-0.6544468985269902,1.3455531014730098,-2.7845202326338274,15.199033368467335
517,1.0330969205613025,3.0330969205613023,3.1740529333554957,16.62479842814483
518,-0.16141333391686663,1.8385866660831334,-1.741883255244987,15.843526941891184
519,-0.26154585032705213,1.7384541496729478,-0.36775187703530354,15.678829091914253
520,-1.5344702092828717,0.4655297907171283,-3.0804982394433305,14.301286392827611
521,-0.3204598057307928,1.6795401942692072,1.3442374658830132,14.901508712666542
522,1.0815754897580179,3.081575489758018,2.8571274121694312,16.175360085863037
523,1.7199922224735933,3.7199922224735933,2.4058324581912727,17.246407014481818
524,1.865370305746354,3.865370305746354,1.8747458683193858,18.079781986744017
525,-0.4379210865094809,1.562078913490519,-3.5081216073578756,16.522638716786723
526,-1.0449207061839858,0.9550792938160142,-1.7647748336512834,15.740470662508425
527,-1.0895154149505544,0.9104845850494456,-1.0452070261161277,15.277907671268263
528,-1.5884435161693933,0.4115564838306067,-2.115245908494703,14.343173404069201
529,0.16962912125703955,2.1696291212570396,2.5443385242510885,15.465868635027878
530,0.28626178568549165,2.2862617856854914,0.4187085533056073,15.650352947959146
531,0.1472792671861183,2.1472792671861183,-0.05563694566373631,15.62587514373397
532,0.5759032924151777,2.5759032924151777,1.109774575497715,16.113410875837477
533,-0.606077062379159,1.3939229376208409,-2.1693418967520812,15.161791838009211
534,-1.271996965694687,0.728003034305313,-2.0737389330640807,14.25344110974202
535,-1.6446601694496503,0.3553398305503497,-2.01529581861431,13.371979119709183
536,-0.48917515270341944,1.5108248472965806,1.139377515037358,13.869600068675553
537,0.048091287479453404,2.0480912874794535,0.7832765053354209,14.211196447777057
538,0.606947240259849,2.6069472402598493,1.3274894648090643,14.789288915549234
539,1.4425514616855035,3.4425514616855035,2.479921109176988,15.867672033078827
540,-0.49176998202759903,1.508230017972401,-3.1258706762006074,14.510371174039927
541,-0.8555563754571438,1.1444436245428562,-1.2926928123395112,13.949876787799342
542,-0.3657957314015923,1.6342042685984077,0.34076619845220735,14.097414881672035
543,-1.5682205460189955,0.4317794539810045,-3.119672078456051,12.748671774493996
544,-1.473107555944368,0.526892444055632,-1.2327097317395608,12.216496546161025
545,0.1301643693371365,2.1301643693371366,2.352242338204959,13.230525449064782
546,1.1807427511398658,3.180742751139866,2.561484651505088,14.333169578602366
547,1.7851525430976651,3.785152543097665,2.50482646841161,15.409876471016112
548,1.1141092119677876,3.1141092119677873,0.10021899994219091,15.4528941571253
549,0.4564979901375761,2.456497990137576,-0.494531941598877,15.240926620082204
550,1.3534234842581612,3.353423484258161,2.5221949981648977,16.32045131025782
551,0.4394080941118102,2.43940809411181,-0.8718920935141663,15.947805313814733
552,0.6018838466423659,2.601883846642366,0.7925182349098584,16.286044303990014
553,1.6864092321019764,3.686409232101976,3.1096486274554596,17.61132322810657
554,0.6442747388943332,2.644274738894333,-0.8636993347518283,17.243752427739718
555,-0.22398745759570904,1.776012542404291,-1.4366835862505667,16.63320012680741
556,-0.14376374788275043,1.8562362521172495,-0.022082725039559672,16.623828853482085
557,0.5121209300726738,2.512120930072674,1.4120350070735979,17.22220803228441
558,0.7896815738783312,2.7896815738783314,1.1399832419266376,17.704617048119136
559,0.6296667175376325,2.6296667175376323,0.36882870371631643,17.86047482132977
560,0.9342201658629518,2.9342201658629516,1.318594961795757,18.41689495667014
561,-1.0390666444048953,0.9609333555951047,-3.7960427620802504,16.817296212747475
562,-1.4827059789600099,0.5172940210399901,-2.042011919972209,15.958030220430402
563,-0.7263974729532312,1.2736025270467688,0.38844545260378177,16.121256334853175
564,-1.3645000066833073,0.6354999933166927,-2.21312908840731,15.192594811941806
565,-2.1603744463529937,-0.1603744463529937,-3.201875818579853,13.850920369598796
566,-2.504044522206142,-0.5040445222061418,-2.8864676486903273,12.64310051520445
567,-2.4205906365488588,-0.42059063654885875,-2.1973088212742686,11.724936591979276
568,-1.6308292727536768,0.36917072724632316,-0.42771403301898364,11.546461701154914
569,-2.0011233796438463,-0.001123379643846345,-2.454131236206983,10.523835885163274
570,-0.9657751892853155,1.0342248107146845,0.5645023005378603,10.758734723664267
571,1.11675902909469,3.1167590290946903,4.081981805764383,12.454958866330147
572,0.5224291083146491,2.522429108314649,-0.3557572241180553,12.307332557187982
573,1.5881563757398405,3.5881563757398407,3.0760889407189396,13.582031467939032
574,1.2413255673328158,3.241325567332816,0.6970032493893148,13.870463209827944
575,-0.37502815895710395,1.6249718410428962,-2.709823309378418,12.750639710471152
576,-0.4814264703628849,1.518573529637115,-0.6213330519131646,12.49423013548253
577,-1.270690623743349,0.7293093762566509,-2.3824654370742677,11.512395393956911
578,0.0055210100111511284,2.005521010011151,1.8659932417133511,12.280330778214072
579,-1.1497828080134747,0.8502171919865253,-2.8057371718437247,11.127235364193908
580,0.6327030161115774,2.632703016111577,3.22252897661477,12.44980806511357
581,0.9578097522375701,2.95780975223757,1.410720664552532,13.027996007684195
582,-1.4476242490388485,0.5523757509611515,-4.940986363786586,11.005685907302805
583,-0.0842331348202171,1.915766865179783,1.9189521587659955,11.790027321905898
584,1.5024764812476699,3.50247648124767,3.8047604531555206,13.343043684045698
585,0.11096217713396728,2.1109621771339673,-1.939356584670627,12.552519972431064
586,1.0518295191700124,3.0518295191700124,2.420364993768103,13.537772185320696
587,-1.16728402019924,0.83271597980076,-4.42389896771584,11.739390453619448
588,-0.4482138004735416,1.5517861995264584,0.6211303513917805,11.99154706526545
589,-1.9303176419709138,0.06968235802908618,-4.098001305329266,10.330157703578662
590,-0.6757995955342185,1.3242004044657816,1.1914815846155322,10.812548693226992
591,-2.1934425074031294,-0.1934425074031294,-4.4221482708637225,9.024585943144393
592,-3.948935711850548,-1.948935711850548,-6.520639320017968,6.391715735735723
593,-1.9732682585253687,0.02673174147463131,0.9822978329431683,6.787808904320682
594,1.1039288132593128,3.103928813259313,5.681529266205541,9.075698672695216
595,0.06668771231390491,2.0666877123139047,-1.481218418895303,8.480029097053533
596,0.870178174023966,2.870178174023966,2.0670983519316057,9.310194643689156
597,0.6328180008090499,2.63281800080905,0.27603843483378987,9.420905740083827
598,0.0561860608607363,2.0561860608607363,-0.8076816996806835,9.097401000459133
599,0.6490959216204591,2.649095921620459,1.5384607127600434,9.71278528556315
