n,sigma_within,sigma_between
2,8.11286854877753,0.2288058960492983
3,8.082483624385613,0.0
4,8.035902774663606,5.109073723883347
5,7.6716538276490365,5.101115789552504
6,7.714724655117224,5.823507092997787
7,7.780970760527926,7.886701296733582
8,7.8339742054056805,7.2714012486973845
9,7.870359265539343,11.554914666338382
10,7.788758264072256,20.122416835060438
11,7.8209266655509175,22.241321275031137
12,7.657873136406124,21.46828702106082
13,7.730318798333341,20.544560927981927
14,8.006234702112554,19.822005856159215
15,11.012927326672232,26.092659148494313
16,10.795430373742718,27.192570595514663
17,10.610430165473028,26.332500266876256
18,10.460322878964762,25.776175237994885
19,10.348889690032655,25.42207718139606
20,10.264798876531433,24.73919644742874
21,10.246674056571315,24.17103101085466
22,10.233040340577578,23.615353920027967
23,10.129710876939685,23.115260722007537
24,10.121476064584725,23.925714381637583
25,12.08979685108533,31.656307357497145
26,12.025103465214443,31.452713314779274
27,11.918299783737725,30.898752658214654
28,11.90047847565944,30.490444348773703
29,13.077340619506819,29.898676009246177
30,12.91259827079707,30.328260509722792
31,12.85787021522087,30.01830224995284
32,12.713923094762498,29.528906451157933
33,12.5679572026588,29.487759260919187
34,12.502253942596647,31.195952383138742
35,12.88354645405137,30.91872824123747
36,12.81452718479029,30.508938436831087
37,12.77140634008929,30.181082365818977
38,12.710296991242988,29.80108111579864
39,12.582078944034325,29.791487533493083
40,12.46418485235412,29.448651613061656
41,12.397625999786476,29.355825379609524
42,12.41458735586578,29.21031306335977
43,12.350487060097906,28.886641595002114
44,12.284873193281241,28.600127202627643
45,12.230161225965317,29.08401293083019
46,12.174880426664053,32.41450598541667
47,12.807261565543115,32.05283334086417
48,12.737166914947405,32.27511135554856
49,12.714663032780434,32.12367508552161
50,13.356081902946132,31.78758783635045
51,13.294353264609502,31.47864707450738
52,13.208295474034058,31.463552107907258
53,13.122782085297322,31.487578946139667
54,13.083057570559985,31.205026455908346
55,13.00975321336755,31.238019456007823
56,12.96974260499902,30.95212601785812
57,12.996951144642745,30.709971863857245
58,12.94307494035257,30.49389877339902
59,12.863991360801252,30.232811132584512
60,12.829755632994358,30.084765392130986
61,12.770053472957184,29.868601793791424
62,12.702440005700813,29.84513209659425
63,12.700869138801188,29.61586380975929
64,12.647133514675208,29.385584956495407
65,12.612411812965918,29.187872616916128
66,12.573814595149457,29.418420735140735
67,12.519452157065427,29.22388810134852
68,12.92600099789954,28.995405958440852
69,12.857151800641898,28.80094244166824
70,12.824870393664249,29.719912510165074
71,12.817288840494207,29.59490584078466
72,12.794128350341586,29.386775208828784
73,12.77482224532081,29.21067420109062
74,12.736097991109938,29.087002488435633
75,12.957604878804329,28.906576464195055
76,12.895273722945014,29.008653748822727
77,12.851769120662048,28.815950812713535
78,12.803509452360311,28.63233752840408
79,12.789802408735458,28.450549710189538
80,13.290228944043672,28.54127703861215
81,13.281551340295556,28.443261759034453
82,13.266076134402079,28.482409251258556
83,13.2205580600582,28.353562817850595
84,13.178298967821569,28.281448807790394
85,13.167899625435735,28.138817045753648
86,13.130167761420763,27.984716187536762
87,13.13363914867101,27.834288945546763
88,13.096175888355623,27.67306446913268
89,13.06775704534076,27.520507136143216
90,13.056933504514397,27.37720387090691
91,13.0531110786256,27.39048633161062
92,13.07001942937337,27.299750274260603
93,13.102703214243252,27.168454980351477
94,13.112001072722247,27.091815876533754
95,13.07609370565959,27.57490967343764
96,13.05855025864301,27.650749037359763
97,13.039840502557684,27.60093707127114
98,13.032349742313995,27.633253219603258
99,13.03686077002379,27.655787883172824
100,13.01282158519839,27.566552869400713
101,12.976479076526651,27.427756829812758
102,12.96140681468981,27.703594612257856
103,12.960986147261696,27.583153976727203
104,12.924477193644757,27.577359206569454
105,12.903889672539615,27.451362200896533
106,12.871463426466812,27.74184419749438
107,12.87653145931921,27.982157938687678
108,12.915970021563789,27.848140000483745
109,12.946892150184393,28.082458865481758
110,12.918957151274126,28.164162143395902
111,12.927835704486444,28.03365091374205
112,12.917683290817953,28.06935243154847
113,12.893323323656368,27.942789838968483
114,12.895035186003495,27.818947671921975
115,12.907422983268498,27.695284765841482
116,12.934819249598482,27.576349851575095
117,12.914766083573694,27.7158276904634
118,12.894590859244595,27.599138572934557
119,12.886575245651583,27.594287003944025
120,12.85986867857243,27.485357145348047
121,12.833157486880166,27.78483584158973
122,12.828686921627801,28.044854397477526
123,12.807132903069832,27.944644139509265
124,12.82556980998853,27.84485722660125
125,12.81899522178328,27.806575382484105
126,12.815013457815512,27.700222172198302
127,12.801907881267713,27.617299053992127
128,12.797880850274101,27.520226135740955
129,12.778275751270664,27.412817286794255
130,12.771146664645336,27.423611780628256
131,13.248782063661007,27.396605704218942
132,13.258453434160863,27.28963074461317
133,13.229809774882767,27.253376577407472
134,13.223668140140191,27.160455603251442
135,13.232071695113898,27.067197328384356
136,13.205805854497694,27.007436422839557
137,13.194507761132332,26.90975514054763
138,13.185074994826296,26.80991710843633
139,13.162443043429217,26.72406937453098
140,13.14289485368704,26.724252127929493
141,13.145183662723475,26.788300822415028
142,13.142727715587323,26.809557849358995
143,13.154711992721083,26.729167763920394
144,13.142960854596767,26.634917225695588
145,13.166831311244929,26.560787112439908
146,13.173482968465862,26.526472552835102
147,13.162853006747987,26.5259795698986
148,13.184570523098264,26.434683246480137
149,13.195678012853119,26.34508497089016
150,13.216552729861013,26.27109617573012
151,13.189925890669684,26.19341385986109
152,13.171163171831283,26.29786715785792
153,13.188403238736472,27.208410302507556
154,13.167869398394469,27.120295200644733
155,13.14987264336835,27.249138890163636
156,13.16731376514498,27.268112476420757
157,13.307051468472748,27.174722085466666
158,13.565250844837548,27.100813231280426
159,13.57590928832533,27.12857577686759
160,13.567340089633356,27.06740804176275
161,13.555368168442913,26.981601581960753
162,13.55036615274498,26.936189592419744
163,13.551746539315465,26.861417095560647
164,13.548381142350859,26.84295744367844
165,13.52158907688952,26.76070918518286
166,13.540437593552861,26.807727974858643
167,13.540900042410195,26.743769938232205
168,13.550495925035653,26.662084724751
169,13.54860066035662,26.585833227701684
170,13.528477049300633,26.54948245037781
171,13.514763740680477,26.498836253002896
172,13.489678947355019,26.424206611418473
173,13.481404842432665,26.37428694302655
174,13.459907332396428,26.38914325794015
175,13.46847485987144,26.31320531139786
176,13.472394557965927,26.252449743966878
177,13.48530518977417,27.33851694488951
178,13.512309567755947,27.306279552891912
179,13.514748987565088,27.254418139586324
180,13.545657325144024,27.626775745032734
181,13.533336166175957,27.55060639197936
182,13.515241443152055,27.4908142485798
183,13.50650738665753,27.438349740723407
184,13.524419137625571,29.253406220944115
185,13.510493713554354,29.173229459328955
186,13.514014973170069,29.09400204918238
187,13.509327557618446,29.01518938400586
188,13.500047751696172,28.93681936785007
189,13.507133855026941,28.85839856950487
190,13.522137948449428,28.780120929344324
191,13.543087005700697,28.70252179026101
192,13.822157108809936,28.643691705564965
193,13.818161162517685,28.59653904604181
194,13.816686739955546,28.524131543332427
195,13.84465432426,28.674782373579806
196,13.839408391730874,28.661056894232658
197,13.860238893281617,28.58956775833952
198,13.867991169739792,28.526622817051354
199,14.068825498765053,28.4548210551725
200,14.060674212962796,28.390955206924286
201,14.057881976164108,28.334112208386596
202,14.381972317693082,28.369571636938712
203,14.410816645145585,28.306726279227405
204,14.417283000672514,28.258411434052505
205,14.40482699041418,28.274512736379176
206,14.663851470589798,28.197269356934093
207,14.663049661228229,28.15956378430225
208,14.657004342213325,28.174042684376694
209,14.643509336951519,28.151275771818298
210,14.6371299529263,29.275350658563337
211,14.661901625224898,29.20355498601575
212,14.67035481938762,29.135863144952626
213,14.668625962319267,29.06992638682899
214,14.6489126582881,29.05002567559214
215,14.648539121053592,28.99839821961346
216,14.663288386119795,29.0025005725038
217,14.674283781413644,29.011777475751884
218,14.656375490626257,29.047237895512403
219,14.655116660508,28.9870094658457
220,14.670824918352922,29.199723260060903
221,14.648187189616557,29.19543613946056
222,14.658358339670746,29.128001325991303
223,14.85357420696642,29.083556736511568
224,14.850793368567263,29.02992317944842
225,14.854002064537234,28.963635016435575
226,14.85481082642985,28.90500264093772
227,14.838943870435513,28.840915525447567
228,14.836943753584533,28.87383456182043
229,14.855808752008087,28.815985865313124
230,14.847110919209987,28.76273939304537
231,14.84727470531741,28.721638088565967
232,14.849931317558946,28.658567664911143
233,14.85719838743217,28.64568145503403
234,14.870122505551217,28.590277790873238
235,14.85246890595452,28.56733731781803
236,14.865630856778036,28.515927172824878
237,14.891278164982594,28.46089631206167
238,14.905707977246568,28.43556567288742
239,14.904420643514024,28.377367946093052
240,14.905768744742467,28.405517498694824
241,15.032280273299286,28.461802545466064
242,15.027824816751808,28.408942006056392
243,15.018266450410653,28.464898120969778
244,15.0091334979064,28.424631755848043
245,15.020461785355222,28.379281896243874
246,15.076458315562382,28.554157939303035
247,15.080991429695308,28.657868516992252
248,15.1014750312141,28.69137626305682
249,15.097939521443735,28.655103785357344
250,15.10342278507654,28.60289018646156
251,15.10340627912802,28.566862482865808
252,15.100969177646942,28.553086608427662
253,15.096636933970574,28.630069361421413
254,15.10633429645113,28.67073957246711
255,15.112606228589835,28.612829089022096
256,15.14051497050597,28.555747133992625
257,15.159955279142453,28.504753222749276
258,15.160159620298524,28.480040620555894
259,15.196723945879214,28.586790354062124
260,15.197655546973605,28.53155879885129
261,15.210601252477902,28.47499641915287
