wafer_id,site,site_value
wf0001,S1,601.823
wf0001,S2,589.343
wf0001,S3,598.167
wf0001,S4,600.917
wf0001,S5,584.92
wf0001,S6,599.902
wf0001,S7,597.688
wf0001,S8,578.708
wf0001,S9,599.101
wf0001,S10,598.69
wf0001,S11,598.097
wf0001,S12,612.513
wf0001,S13,592.089
wf0002,S1,587.207
wf0002,S2,582.11
wf0002,S3,588.993
wf0002,S4,595.018
wf0002,S5,595.321
wf0002,S6,593.673
wf0002,S7,612.882
wf0002,S8,601.506
wf0002,S9,592.83
wf0002,S10,587.715
wf0002,S11,595.532
wf0002,S12,590.954
wf0002,S13,586.636
wf0003,S1,589.363
wf0003,S2,602.265
wf0003,S3,581.53
wf0003,S4,592.587
wf0003,S5,591.447
wf0003,S6,607.799
wf0003,S7,597.444
wf0003,S8,598.297
wf0003,S9,594.559
wf0003,S10,593.796
wf0003,S11,597.365
wf0003,S12,590.843
wf0003,S13,577.262
wf0004,S1,617.529
wf0004,S2,597.299
wf0004,S3,595.069
wf0004,S4,611.828
wf0004,S5,601.306
wf0004,S6,607.774
wf0004,S7,613.865
wf0004,S8,607.042
wf0004,S9,613.373
wf0004,S10,596.189
wf0004,S11,596.57
wf0004,S12,609.429
wf0004,S13,598.377
wf0005,S1,599.709
wf0005,S2,601.904
wf0005,S3,610.136
wf0005,S4,598.103
wf0005,S5,607.539
wf0005,S6,611.942
wf0005,S7,603.186
wf0005,S8,604.066
wf0005,S9,597.177
wf0005,S10,610.376
wf0005,S11,597.271
wf0005,S12,592.2
wf0005,S13,605.276
wf0006,S1,580.452
wf0006,S2,590.843
wf0006,S3,591.132
wf0006,S4,588.779
wf0006,S5,587.434
wf0006,S6,590.395
wf0006,S7,576.204
wf0006,S8,578.407
wf0006,S9,586.631
wf0006,S10,598.032
wf0006,S11,597.95
wf0006,S12,603.848
wf0006,S13,586.808
wf0007,S1,613.195
wf0007,S2,606.436
wf0007,S3,614.027
wf0007,S4,602.399
wf0007,S5,608.091
wf0007,S6,609.088
wf0007,S7,608.699
wf0007,S8,604.684
wf0007,S9,602.235
wf0007,S10,624.42
wf0007,S11,619.651
wf0007,S12,619.456
wf0007,S13,626.854
wf0008,S1,596.637
wf0008,S2,604.834
wf0008,S3,599.367
wf0008,S4,611.302
wf0008,S5,595.772
wf0008,S6,597.584
wf0008,S7,612.731
wf0008,S8,605.08
wf0008,S9,586.051
wf0008,S10,593.82
wf0008,S11,600.714
wf0008,S12,610.592
wf0008,S13,590.614
wf0009,S1,581.614
wf0009,S2,558.852
wf0009,S3,557.595
wf0009,S4,581.565
wf0009,S5,569.723
wf0009,S6,567.897
wf0009,S7,576.43
wf0009,S8,567.465
wf0009,S9,582.73
wf0009,S10,564.325
wf0009,S11,569.089
wf0009,S12,571.178
wf0009,S13,573.756
wf0010,S1,644.053
wf0010,S2,653.766
wf0010,S3,646.814
wf0010,S4,635.843
wf0010,S5,652.139
wf0010,S6,651.105
wf0010,S7,650.659
wf0010,S8,652.963
wf0010,S9,643.097
wf0010,S10,649.056
wf0010,S11,644.968
wf0010,S12,665.228
wf0010,S13,653.55
wf0011,S1,643.458
wf0011,S2,639.754
wf0011,S3,654.004
wf0011,S4,635.224
wf0011,S5,639.247
wf0011,S6,636.288
wf0011,S7,628.589
wf0011,S8,633.518
wf0011,S9,626.623
wf0011,S10,647.934
wf0011,S11,647.516
wf0011,S12,632.381
wf0011,S13,645.314
wf0012,S1,595.598
wf0012,S2,591.928
wf0012,S3,587.385
wf0012,S4,586.147
wf0012,S5,586.295
wf0012,S6,597.997
wf0012,S7,598.62
wf0012,S8,602.501
wf0012,S9,589.719
wf0012,S10,590.448
wf0012,S11,587.557
wf0012,S12,596.557
wf0012,S13,598.732
wf0013,S1,610.191
wf0013,S2,598.687
wf0013,S3,587.696
wf0013,S4,617.997
wf0013,S5,598.501
wf0013,S6,602.41
wf0013,S7,616.383
wf0013,S8,612.377
wf0013,S9,605.432
wf0013,S10,604.876
wf0013,S11,602.01
wf0013,S12,595.503
wf0013,S13,608.43
wf0014,S1,611.312
wf0014,S2,610.788
wf0014,S3,608.372
wf0014,S4,619.562
wf0014,S5,616.49
wf0014,S6,621.184
wf0014,S7,582.811
wf0014,S8,598.393
wf0014,S9,621.329
wf0014,S10,623.164
wf0014,S11,614.913
wf0014,S12,607.837
wf0014,S13,610.827
wf0015,S1,528.322
wf0015,S2,467.843
wf0015,S3,536.674
wf0015,S4,567.305
wf0015,S5,569.04
wf0015,S6,507.441
wf0015,S7,547.946
wf0015,S8,560.903
wf0015,S9,520.967
wf0015,S10,567.85
wf0015,S11,498.946
wf0015,S12,535.519
wf0015,S13,546.331
wf0016,S1,554.819
wf0016,S2,552.904
wf0016,S3,553.811
wf0016,S4,556.976
wf0016,S5,568.244
wf0016,S6,558.015
wf0016,S7,559.347
wf0016,S8,553.975
wf0016,S9,559.978
wf0016,S10,573.924
wf0016,S11,549.398
wf0016,S12,559.772
wf0016,S13,564.559
wf0017,S1,588.489
wf0017,S2,595.914
wf0017,S3,598.296
wf0017,S4,595.299
wf0017,S5,598.22
wf0017,S6,585.5
wf0017,S7,593.812
wf0017,S8,589.889
wf0017,S9,595.733
wf0017,S10,602.354
wf0017,S11,608.821
wf0017,S12,593.624
wf0017,S13,582.178
wf0018,S1,615.019
wf0018,S2,606.995
wf0018,S3,608.989
wf0018,S4,602.426
wf0018,S5,614.336
wf0018,S6,620.791
wf0018,S7,607.343
wf0018,S8,606.912
wf0018,S9,597.64
wf0018,S10,616.476
wf0018,S11,622.136
wf0018,S12,620.503
wf0018,S13,613.416
wf0019,S1,578.592
wf0019,S2,584.234
wf0019,S3,582.812
wf0019,S4,576.686
wf0019,S5,573.358
wf0019,S6,578.16
wf0019,S7,572.284
wf0019,S8,592.578
wf0019,S9,588.392
wf0019,S10,564.393
wf0019,S11,588.099
wf0019,S12,574.283
wf0019,S13,570.711
wf0020,S1,591.247
wf0020,S2,599.467
wf0020,S3,593.637
wf0020,S4,589.804
wf0020,S5,597.917
wf0020,S6,603.356
wf0020,S7,587.076
wf0020,S8,602.28
wf0020,S9,585.705
wf0020,S10,579.545
wf0020,S11,605.049
wf0020,S12,604.003
wf0020,S13,605.586
wf0021,S1,602.677
wf0021,S2,608.941
wf0021,S3,617.03
wf0021,S4,595.755
wf0021,S5,612.883
wf0021,S6,603.308
wf0021,S7,595.615
wf0021,S8,590.614
wf0021,S9,590.456
wf0021,S10,604.949
wf0021,S11,606.222
wf0021,S12,619.184
wf0021,S13,617.056
wf0022,S1,614.018
wf0022,S2,597.201
wf0022,S3,584.203
wf0022,S4,599.699
wf0022,S5,598.495
wf0022,S6,616.795
wf0022,S7,596.397
wf0022,S8,600.129
wf0022,S9,603.731
wf0022,S10,603.247
wf0022,S11,612.421
wf0022,S12,595.696
wf0022,S13,619.193
wf0023,S1,594.124
wf0023,S2,595.995
wf0023,S3,587.045
wf0023,S4,599.21
wf0023,S5,600.919
wf0023,S6,597.296
wf0023,S7,584.548
wf0023,S8,591.384
wf0023,S9,583.53
wf0023,S10,586.099
wf0023,S11,596.151
wf0023,S12,578.782
wf0023,S13,579.692
wf0024,S1,629.709
wf0024,S2,625.651
wf0024,S3,644.702
wf0024,S4,626.508
wf0024,S5,634.651
wf0024,S6,628.148
wf0024,S7,621.565
wf0024,S8,656.375
wf0024,S9,636.288
wf0024,S10,635.937
wf0024,S11,633.529
wf0024,S12,642.126
wf0024,S13,647.914
wf0025,S1,453.374
wf0025,S2,475.651
wf0025,S3,549.666
wf0025,S4,472.183
wf0025,S5,516.478
wf0025,S6,444.451
wf0025,S7,485.933
wf0025,S8,498.218
wf0025,S9,480.344
wf0025,S10,449.49
wf0025,S11,545.283
wf0025,S12,497.289
wf0025,S13,525.503
wf0026,S1,606.002
wf0026,S2,623.575
wf0026,S3,632.957
wf0026,S4,610.817
wf0026,S5,619.371
wf0026,S6,617.14
wf0026,S7,623.598
wf0026,S8,623.766
wf0026,S9,629.678
wf0026,S10,616.27
wf0026,S11,630.066
wf0026,S12,638.463
wf0026,S13,604.478
wf0027,S1,598.958
wf0027,S2,606.439
wf0027,S3,604.885
wf0027,S4,616.925
wf0027,S5,596.514
wf0027,S6,616.711
wf0027,S7,602.635
wf0027,S8,613.8
wf0027,S9,585.103
wf0027,S10,610.821
wf0027,S11,605.747
wf0027,S12,606.211
wf0027,S13,607.42
wf0028,S1,620.492
wf0028,S2,614.823
wf0028,S3,624.726
wf0028,S4,611.687
wf0028,S5,619.407
wf0028,S6,612.957
wf0028,S7,627.654
wf0028,S8,628.726
wf0028,S9,604.796
wf0028,S10,599.779
wf0028,S11,593.095
wf0028,S12,614.707
wf0028,S13,598.193
wf0029,S1,578.73
wf0029,S2,624.695
wf0029,S3,597.228
wf0029,S4,533.852
wf0029,S5,645.419
wf0029,S6,615.662
wf0029,S7,609.341
wf0029,S8,585.35
wf0029,S9,560.047
wf0029,S10,613.696
wf0029,S11,637.983
wf0029,S12,602.307
wf0029,S13,573.962
wf0030,S1,643.736
wf0030,S2,634.825
wf0030,S3,650.306
wf0030,S4,634.622
wf0030,S5,635.25
wf0030,S6,639.444
wf0030,S7,627.755
wf0030,S8,641.811
wf0030,S9,634.434
wf0030,S10,626.87
wf0030,S11,640.898
wf0030,S12,643.566
wf0030,S13,638.443
wf0031,S1,622.401
wf0031,S2,618.313
wf0031,S3,607.664
wf0031,S4,626.285
wf0031,S5,614.66
wf0031,S6,618.037
wf0031,S7,596.545
wf0031,S8,601.986
wf0031,S9,623.253
wf0031,S10,630.414
wf0031,S11,620.041
wf0031,S12,611.1
wf0031,S13,635.998
wf0032,S1,600.75
wf0032,S2,604.237
wf0032,S3,602.542
wf0032,S4,589.783
wf0032,S5,592.216
wf0032,S6,606.6
wf0032,S7,588.245
wf0032,S8,602.083
wf0032,S9,586.8
wf0032,S10,596.948
wf0032,S11,590.691
wf0032,S12,604.529
wf0032,S13,599.0
wf0033,S1,632.048
wf0033,S2,617.142
wf0033,S3,636.099
wf0033,S4,623.827
wf0033,S5,618.763
wf0033,S6,626.172
wf0033,S7,633.724
wf0033,S8,635.35
wf0033,S9,619.794
wf0033,S10,623.815
wf0033,S11,628.359
wf0033,S12,627.549
wf0033,S13,630.96
wf0034,S1,684.488
wf0034,S2,656.725
wf0034,S3,660.152
wf0034,S4,656.133
wf0034,S5,659.121
wf0034,S6,669.314
wf0034,S7,664.667
wf0034,S8,651.572
wf0034,S9,673.339
wf0034,S10,664.924
wf0034,S11,682.525
wf0034,S12,672.82
wf0034,S13,661.396
wf0035,S1,554.688
wf0035,S2,556.606
wf0035,S3,579.276
wf0035,S4,573.231
wf0035,S5,633.648
wf0035,S6,566.367
wf0035,S7,604.076
wf0035,S8,591.627
wf0035,S9,573.649
wf0035,S10,595.713
wf0035,S11,555.184
wf0035,S12,584.367
wf0035,S13,577.144
wf0036,S1,595.511
wf0036,S2,615.307
wf0036,S3,618.049
wf0036,S4,600.831
wf0036,S5,613.461
wf0036,S6,620.244
wf0036,S7,615.518
wf0036,S8,617.052
wf0036,S9,619.272
wf0036,S10,605.808
wf0036,S11,611.224
wf0036,S12,610.677
wf0036,S13,586.847
wf0037,S1,626.348
wf0037,S2,610.473
wf0037,S3,615.074
wf0037,S4,593.577
wf0037,S5,605.717
wf0037,S6,622.584
wf0037,S7,619.667
wf0037,S8,611.091
wf0037,S9,614.423
wf0037,S10,616.106
wf0037,S11,631.168
wf0037,S12,608.886
wf0037,S13,635.236
wf0038,S1,598.226
wf0038,S2,610.521
wf0038,S3,611.155
wf0038,S4,621.927
wf0038,S5,615.314
wf0038,S6,618.223
wf0038,S7,632.198
wf0038,S8,604.598
wf0038,S9,605.133
wf0038,S10,611.524
wf0038,S11,598.22
wf0038,S12,609.476
wf0038,S13,596.487
wf0039,S1,640.945
wf0039,S2,628.854
wf0039,S3,630.845
wf0039,S4,627.498
wf0039,S5,636.241
wf0039,S6,624.053
wf0039,S7,642.64
wf0039,S8,630.912
wf0039,S9,629.25
wf0039,S10,625.798
wf0039,S11,626.492
wf0039,S12,628.735
wf0039,S13,637.466
wf0040,S1,611.898
wf0040,S2,606.915
wf0040,S3,615.984
wf0040,S4,607.252
wf0040,S5,611.523
wf0040,S6,614.858
wf0040,S7,604.504
wf0040,S8,610.932
wf0040,S9,620.184
wf0040,S10,610.533
wf0040,S11,608.086
wf0040,S12,628.435
wf0040,S13,611.122
wf0041,S1,628.883
wf0041,S2,630.714
wf0041,S3,632.425
wf0041,S4,632.499
wf0041,S5,629.726
wf0041,S6,637.077
wf0041,S7,604.483
wf0041,S8,621.353
wf0041,S9,636.151
wf0041,S10,634.732
wf0041,S11,639.613
wf0041,S12,623.711
wf0041,S13,620.314
wf0042,S1,621.438
wf0042,S2,626.756
wf0042,S3,620.129
wf0042,S4,616.143
wf0042,S5,656.654
wf0042,S6,640.696
wf0042,S7,645.756
wf0042,S8,618.187
wf0042,S9,618.354
wf0042,S10,614.047
wf0042,S11,627.364
wf0042,S12,621.902
wf0042,S13,617.068
wf0043,S1,594.108
wf0043,S2,594.208
wf0043,S3,589.176
wf0043,S4,587.87
wf0043,S5,606.816
wf0043,S6,590.021
wf0043,S7,603.194
wf0043,S8,598.543
wf0043,S9,611.507
wf0043,S10,605.595
wf0043,S11,580.156
wf0043,S12,585.3
wf0043,S13,593.357
wf0044,S1,585.541
wf0044,S2,605.757
wf0044,S3,597.003
wf0044,S4,593.627
wf0044,S5,603.005
wf0044,S6,604.286
wf0044,S7,588.269
wf0044,S8,597.009
wf0044,S9,588.31
wf0044,S10,583.405
wf0044,S11,576.875
wf0044,S12,582.6
wf0044,S13,590.384
wf0045,S1,658.76
wf0045,S2,648.088
wf0045,S3,639.996
wf0045,S4,643.17
wf0045,S5,655.421
wf0045,S6,631.406
wf0045,S7,658.44
wf0045,S8,653.962
wf0045,S9,652.341
wf0045,S10,657.22
wf0045,S11,645.839
wf0045,S12,634.934
wf0045,S13,660.184
wf0046,S1,484.521
wf0046,S2,503.818
wf0046,S3,509.317
wf0046,S4,510.172
wf0046,S5,491.797
wf0046,S6,505.976
wf0046,S7,500.026
wf0046,S8,490.88
wf0046,S9,507.206
wf0046,S10,504.598
wf0046,S11,506.632
wf0046,S12,520.121
wf0046,S13,503.288
wf0047,S1,610.702
wf0047,S2,596.156
wf0047,S3,629.171
wf0047,S4,614.126
wf0047,S5,575.29
wf0047,S6,664.293
wf0047,S7,631.777
wf0047,S8,564.958
wf0047,S9,580.759
wf0047,S10,595.912
wf0047,S11,617.193
wf0047,S12,585.111
wf0047,S13,651.768
wf0048,S1,665.168
wf0048,S2,644.04
wf0048,S3,644.99
wf0048,S4,652.642
wf0048,S5,639.951
wf0048,S6,640.679
wf0048,S7,648.24
wf0048,S8,637.559
wf0048,S9,632.57
wf0048,S10,649.053
wf0048,S11,630.965
wf0048,S12,643.671
wf0048,S13,643.532
wf0049,S1,619.232
wf0049,S2,634.869
wf0049,S3,607.172
wf0049,S4,631.417
wf0049,S5,625.601
wf0049,S6,638.428
wf0049,S7,635.46
wf0049,S8,646.564
wf0049,S9,631.95
wf0049,S10,622.884
wf0049,S11,630.833
wf0049,S12,606.153
wf0049,S13,628.636
wf0050,S1,560.892
wf0050,S2,637.696
wf0050,S3,574.373
wf0050,S4,647.554
wf0050,S5,635.257
wf0050,S6,567.986
wf0050,S7,628.95
wf0050,S8,609.048
wf0050,S9,629.298
wf0050,S10,625.802
wf0050,S11,603.218
wf0050,S12,576.091
wf0050,S13,649.404
wf0051,S1,591.506
wf0051,S2,616.926
wf0051,S3,607.13
wf0051,S4,608.252
wf0051,S5,618.417
wf0051,S6,617.107
wf0051,S7,626.888
wf0051,S8,621.673
wf0051,S9,603.047
wf0051,S10,609.932
wf0051,S11,609.746
wf0051,S12,602.555
wf0051,S13,600.672
wf0052,S1,647.52
wf0052,S2,643.309
wf0052,S3,640.924
wf0052,S4,633.021
wf0052,S5,638.475
wf0052,S6,629.579
wf0052,S7,636.222
wf0052,S8,642.129
wf0052,S9,619.93
wf0052,S10,626.87
wf0052,S11,629.895
wf0052,S12,636.97
wf0052,S13,630.998
wf0053,S1,641.788
wf0053,S2,652.276
wf0053,S3,641.607
wf0053,S4,627.48
wf0053,S5,635.463
wf0053,S6,643.655
wf0053,S7,630.806
wf0053,S8,638.711
wf0053,S9,641.915
wf0053,S10,639.821
wf0053,S11,629.432
wf0053,S12,640.16
wf0053,S13,626.435
wf0054,S1,624.136
wf0054,S2,620.579
wf0054,S3,612.451
wf0054,S4,607.231
wf0054,S5,610.959
wf0054,S6,617.385
wf0054,S7,591.139
wf0054,S8,628.949
wf0054,S9,626.754
wf0054,S10,616.319
wf0054,S11,601.141
wf0054,S12,605.248
wf0054,S13,608.469
wf0055,S1,636.604
wf0055,S2,645.548
wf0055,S3,657.702
wf0055,S4,634.755
wf0055,S5,631.29
wf0055,S6,647.293
wf0055,S7,641.302
wf0055,S8,640.28
wf0055,S9,640.62
wf0055,S10,627.902
wf0055,S11,635.181
wf0055,S12,634.205
wf0055,S13,630.168
wf0056,S1,597.732
wf0056,S2,606.457
wf0056,S3,587.121
wf0056,S4,598.159
wf0056,S5,596.731
wf0056,S6,605.417
wf0056,S7,611.893
wf0056,S8,602.621
wf0056,S9,609.761
wf0056,S10,617.706
wf0056,S11,620.846
wf0056,S12,585.312
wf0056,S13,604.203
wf0057,S1,629.597
wf0057,S2,580.609
wf0057,S3,608.79
wf0057,S4,615.52
wf0057,S5,626.575
wf0057,S6,619.625
wf0057,S7,626.577
wf0057,S8,607.296
wf0057,S9,615.673
wf0057,S10,623.253
wf0057,S11,641.216
wf0057,S12,622.711
wf0057,S13,613.471
wf0058,S1,581.154
wf0058,S2,594.931
wf0058,S3,597.157
wf0058,S4,604.994
wf0058,S5,580.61
wf0058,S6,594.895
wf0058,S7,605.427
wf0058,S8,591.095
wf0058,S9,603.062
wf0058,S10,580.2
wf0058,S11,583.06
wf0058,S12,584.154
wf0058,S13,595.222
wf0059,S1,609.147
wf0059,S2,617.872
wf0059,S3,605.959
wf0059,S4,611.665
wf0059,S5,613.546
wf0059,S6,601.99
wf0059,S7,606.827
wf0059,S8,626.017
wf0059,S9,607.246
wf0059,S10,612.666
wf0059,S11,608.487
wf0059,S12,601.818
wf0059,S13,602.404
wf0060,S1,632.352
wf0060,S2,616.38
wf0060,S3,622.496
wf0060,S4,626.969
wf0060,S5,640.151
wf0060,S6,609.578
wf0060,S7,623.647
wf0060,S8,626.501
wf0060,S9,631.381
wf0060,S10,612.015
wf0060,S11,638.997
wf0060,S12,616.17
wf0060,S13,641.509
wf0061,S1,607.459
wf0061,S2,609.385
wf0061,S3,612.266
wf0061,S4,618.375
wf0061,S5,619.275
wf0061,S6,630.927
wf0061,S7,628.013
wf0061,S8,607.746
wf0061,S9,616.649
wf0061,S10,628.968
wf0061,S11,613.671
wf0061,S12,627.643
wf0061,S13,612.502
wf0062,S1,629.044
wf0062,S2,631.762
wf0062,S3,650.984
wf0062,S4,625.881
wf0062,S5,632.262
wf0062,S6,631.38
wf0062,S7,635.787
wf0062,S8,644.541
wf0062,S9,639.828
wf0062,S10,628.907
wf0062,S11,632.663
wf0062,S12,644.376
wf0062,S13,629.971
wf0063,S1,609.222
wf0063,S2,608.478
wf0063,S3,583.083
wf0063,S4,603.976
wf0063,S5,590.081
wf0063,S6,588.616
wf0063,S7,602.014
wf0063,S8,579.912
wf0063,S9,601.456
wf0063,S10,591.733
wf0063,S11,625.464
wf0063,S12,597.016
wf0063,S13,609.52
wf0064,S1,604.25
wf0064,S2,598.862
wf0064,S3,605.889
wf0064,S4,620.671
wf0064,S5,623.992
wf0064,S6,623.186
wf0064,S7,605.719
wf0064,S8,615.892
wf0064,S9,623.534
wf0064,S10,606.859
wf0064,S11,612.128
wf0064,S12,604.182
wf0064,S13,611.408
wf0065,S1,620.502
wf0065,S2,629.403
wf0065,S3,601.311
wf0065,S4,606.644
wf0065,S5,609.047
wf0065,S6,616.606
wf0065,S7,612.471
wf0065,S8,629.553
wf0065,S9,624.487
wf0065,S10,632.487
wf0065,S11,619.833
wf0065,S12,608.633
wf0065,S13,628.218
wf0066,S1,643.643
wf0066,S2,655.758
wf0066,S3,651.349
wf0066,S4,662.617
wf0066,S5,660.122
wf0066,S6,653.193
wf0066,S7,629.476
wf0066,S8,644.072
wf0066,S9,644.267
wf0066,S10,658.595
wf0066,S11,635.431
wf0066,S12,653.422
wf0066,S13,646.028
wf0067,S1,582.057
wf0067,S2,595.747
wf0067,S3,593.099
wf0067,S4,595.276
wf0067,S5,599.558
wf0067,S6,596.078
wf0067,S7,603.034
wf0067,S8,594.068
wf0067,S9,597.487
wf0067,S10,617.378
wf0067,S11,587.858
wf0067,S12,599.562
wf0067,S13,596.861
wf0068,S1,603.093
wf0068,S2,649.259
wf0068,S3,610.089
wf0068,S4,575.359
wf0068,S5,665.773
wf0068,S6,584.061
wf0068,S7,606.904
wf0068,S8,596.0
wf0068,S9,612.86
wf0068,S10,621.667
wf0068,S11,578.549
wf0068,S12,604.127
wf0068,S13,659.849
wf0069,S1,604.716
wf0069,S2,621.762
wf0069,S3,612.381
wf0069,S4,620.524
wf0069,S5,627.661
wf0069,S6,627.073
wf0069,S7,608.309
wf0069,S8,615.517
wf0069,S9,612.453
wf0069,S10,619.114
wf0069,S11,615.234
wf0069,S12,617.387
wf0069,S13,614.12
wf0070,S1,668.973
wf0070,S2,669.71
wf0070,S3,673.363
wf0070,S4,666.152
wf0070,S5,699.02
wf0070,S6,666.765
wf0070,S7,677.469
wf0070,S8,684.603
wf0070,S9,664.918
wf0070,S10,679.042
wf0070,S11,688.042
wf0070,S12,680.272
wf0070,S13,665.56
wf0071,S1,627.011
wf0071,S2,615.934
wf0071,S3,638.8
wf0071,S4,631.418
wf0071,S5,614.259
wf0071,S6,624.474
wf0071,S7,642.522
wf0071,S8,649.362
wf0071,S9,616.245
wf0071,S10,621.281
wf0071,S11,619.223
wf0071,S12,620.166
wf0071,S13,646.542
wf0072,S1,603.169
wf0072,S2,617.414
wf0072,S3,622.896
wf0072,S4,603.099
wf0072,S5,612.919
wf0072,S6,624.689
wf0072,S7,609.995
wf0072,S8,632.509
wf0072,S9,609.415
wf0072,S10,594.084
wf0072,S11,600.293
wf0072,S12,612.466
wf0072,S13,622.44
wf0073,S1,607.686
wf0073,S2,616.392
wf0073,S3,605.534
wf0073,S4,618.447
wf0073,S5,646.873
wf0073,S6,630.94
wf0073,S7,625.166
wf0073,S8,608.802
wf0073,S9,620.719
wf0073,S10,625.323
wf0073,S11,623.653
wf0073,S12,611.057
wf0073,S13,626.587
wf0074,S1,587.92
wf0074,S2,572.15
wf0074,S3,593.67
wf0074,S4,599.598
wf0074,S5,593.459
wf0074,S6,592.393
wf0074,S7,596.058
wf0074,S8,607.375
wf0074,S9,588.363
wf0074,S10,599.649
wf0074,S11,576.308
wf0074,S12,587.469
wf0074,S13,586.109
wf0075,S1,616.78
wf0075,S2,652.032
wf0075,S3,586.989
wf0075,S4,619.944
wf0075,S5,616.3
wf0075,S6,635.886
wf0075,S7,616.883
wf0075,S8,628.978
wf0075,S9,644.01
wf0075,S10,569.443
wf0075,S11,599.442
wf0075,S12,652.101
wf0075,S13,619.027
wf0076,S1,642.376
wf0076,S2,657.898
wf0076,S3,644.154
wf0076,S4,636.449
wf0076,S5,647.425
wf0076,S6,643.979
wf0076,S7,650.723
wf0076,S8,642.484
wf0076,S9,637.227
wf0076,S10,656.247
wf0076,S11,642.138
wf0076,S12,638.015
wf0076,S13,647.915
wf0077,S1,608.85
wf0077,S2,604.754
wf0077,S3,604.47
wf0077,S4,616.744
wf0077,S5,617.732
wf0077,S6,602.073
wf0077,S7,603.925
wf0077,S8,598.632
wf0077,S9,599.91
wf0077,S10,599.662
wf0077,S11,610.173
wf0077,S12,617.128
wf0077,S13,628.207
wf0078,S1,608.199
wf0078,S2,612.992
wf0078,S3,620.194
wf0078,S4,623.509
wf0078,S5,621.075
wf0078,S6,612.468
wf0078,S7,608.688
wf0078,S8,621.947
wf0078,S9,601.047
wf0078,S10,606.396
wf0078,S11,607.043
wf0078,S12,614.635
wf0078,S13,629.624
wf0079,S1,599.141
wf0079,S2,613.222
wf0079,S3,622.745
wf0079,S4,609.368
wf0079,S5,596.906
wf0079,S6,612.416
wf0079,S7,595.276
wf0079,S8,620.502
wf0079,S9,614.989
wf0079,S10,619.06
wf0079,S11,619.622
wf0079,S12,630.6
wf0079,S13,631.165
wf0080,S1,686.957
wf0080,S2,595.15
wf0080,S3,693.572
wf0080,S4,614.51
wf0080,S5,668.378
wf0080,S6,655.877
wf0080,S7,614.247
wf0080,S8,600.234
wf0080,S9,682.378
wf0080,S10,673.872
wf0080,S11,627.901
wf0080,S12,622.798
wf0080,S13,663.523
wf0081,S1,630.034
wf0081,S2,623.257
wf0081,S3,643.899
wf0081,S4,643.841
wf0081,S5,623.378
wf0081,S6,646.882
wf0081,S7,621.222
wf0081,S8,614.781
wf0081,S9,638.311
wf0081,S10,621.048
wf0081,S11,645.109
wf0081,S12,609.161
wf0081,S13,625.913
wf0082,S1,661.136
wf0082,S2,640.734
wf0082,S3,638.042
wf0082,S4,638.345
wf0082,S5,638.051
wf0082,S6,649.303
wf0082,S7,658.645
wf0082,S8,647.075
wf0082,S9,639.849
wf0082,S10,643.785
wf0082,S11,643.173
wf0082,S12,639.047
wf0082,S13,611.559
wf0083,S1,613.431
wf0083,S2,625.045
wf0083,S3,625.263
wf0083,S4,620.004
wf0083,S5,628.118
wf0083,S6,621.453
wf0083,S7,615.608
wf0083,S8,642.411
wf0083,S9,621.772
wf0083,S10,628.847
wf0083,S11,638.688
wf0083,S12,617.954
wf0083,S13,633.985
wf0084,S1,633.121
wf0084,S2,647.171
wf0084,S3,627.486
wf0084,S4,634.242
wf0084,S5,636.655
wf0084,S6,633.554
wf0084,S7,608.524
wf0084,S8,636.86
wf0084,S9,635.002
wf0084,S10,627.669
wf0084,S11,632.247
wf0084,S12,641.875
wf0084,S13,631.872
wf0085,S1,601.849
wf0085,S2,622.505
wf0085,S3,614.468
wf0085,S4,589.231
wf0085,S5,597.684
wf0085,S6,608.649
wf0085,S7,597.504
wf0085,S8,596.152
wf0085,S9,595.811
wf0085,S10,588.678
wf0085,S11,591.411
wf0085,S12,612.096
wf0085,S13,577.516
wf0086,S1,616.716
wf0086,S2,637.572
wf0086,S3,617.418
wf0086,S4,624.701
wf0086,S5,622.858
wf0086,S6,619.801
wf0086,S7,618.133
wf0086,S8,611.246
wf0086,S9,613.727
wf0086,S10,600.359
wf0086,S11,627.266
wf0086,S12,627.89
wf0086,S13,610.479
wf0087,S1,606.417
wf0087,S2,612.34
wf0087,S3,589.032
wf0087,S4,608.065
wf0087,S5,606.742
wf0087,S6,622.118
wf0087,S7,612.137
wf0087,S8,601.347
wf0087,S9,611.316
wf0087,S10,585.474
wf0087,S11,572.149
wf0087,S12,597.262
wf0087,S13,607.619
wf0088,S1,615.851
wf0088,S2,620.253
wf0088,S3,599.327
wf0088,S4,602.584
wf0088,S5,616.299
wf0088,S6,601.673
wf0088,S7,604.11
wf0088,S8,608.369
wf0088,S9,625.131
wf0088,S10,593.03
wf0088,S11,611.597
wf0088,S12,606.414
wf0088,S13,617.106
wf0089,S1,610.934
wf0089,S2,604.865
wf0089,S3,598.468
wf0089,S4,600.028
wf0089,S5,592.448
wf0089,S6,603.076
wf0089,S7,598.476
wf0089,S8,614.006
wf0089,S9,588.568
wf0089,S10,627.692
wf0089,S11,607.246
wf0089,S12,609.578
wf0089,S13,613.154
wf0090,S1,606.904
wf0090,S2,637.188
wf0090,S3,620.189
wf0090,S4,604.289
wf0090,S5,616.441
wf0090,S6,632.808
wf0090,S7,603.397
wf0090,S8,640.155
wf0090,S9,615.14
wf0090,S10,623.662
wf0090,S11,625.388
wf0090,S12,611.201
wf0090,S13,614.144
wf0091,S1,630.865
wf0091,S2,641.914
wf0091,S3,649.017
wf0091,S4,639.803
wf0091,S5,667.54
wf0091,S6,649.327
wf0091,S7,624.781
wf0091,S8,627.974
wf0091,S9,638.369
wf0091,S10,620.125
wf0091,S11,647.188
wf0091,S12,648.347
wf0091,S13,634.741
wf0092,S1,644.36
wf0092,S2,641.737
wf0092,S3,616.141
wf0092,S4,618.003
wf0092,S5,619.418
wf0092,S6,646.185
wf0092,S7,632.481
wf0092,S8,649.088
wf0092,S9,621.738
wf0092,S10,621.312
wf0092,S11,599.673
wf0092,S12,633.769
wf0092,S13,636.146
wf0093,S1,599.554
wf0093,S2,604.24
wf0093,S3,618.515
wf0093,S4,609.625
wf0093,S5,594.208
wf0093,S6,599.49
wf0093,S7,618.774
wf0093,S8,581.803
wf0093,S9,581.55
wf0093,S10,578.118
wf0093,S11,608.35
wf0093,S12,591.608
wf0093,S13,629.886
wf0094,S1,646.191
wf0094,S2,632.04
wf0094,S3,622.813
wf0094,S4,624.664
wf0094,S5,622.873
wf0094,S6,636.749
wf0094,S7,650.71
wf0094,S8,632.156
wf0094,S9,632.865
wf0094,S10,611.098
wf0094,S11,610.242
wf0094,S12,655.293
wf0094,S13,621.641
wf0095,S1,673.584
wf0095,S2,664.995
wf0095,S3,658.767
wf0095,S4,670.783
wf0095,S5,681.794
wf0095,S6,660.209
wf0095,S7,681.806
wf0095,S8,663.9
wf0095,S9,656.5
wf0095,S10,678.437
wf0095,S11,669.948
wf0095,S12,675.398
wf0095,S13,657.649
wf0096,S1,653.442
wf0096,S2,628.85
wf0096,S3,639.569
wf0096,S4,661.189
wf0096,S5,634.39
wf0096,S6,658.529
wf0096,S7,636.301
wf0096,S8,650.882
wf0096,S9,648.989
wf0096,S10,644.965
wf0096,S11,639.168
wf0096,S12,643.199
wf0096,S13,666.812
wf0097,S1,639.976
wf0097,S2,628.449
wf0097,S3,647.249
wf0097,S4,655.356
wf0097,S5,620.92
wf0097,S6,642.73
wf0097,S7,627.614
wf0097,S8,639.864
wf0097,S9,622.723
wf0097,S10,636.684
wf0097,S11,617.825
wf0097,S12,637.466
wf0097,S13,642.516
wf0098,S1,646.44
wf0098,S2,629.986
wf0098,S3,656.414
wf0098,S4,648.671
wf0098,S5,644.411
wf0098,S6,650.592
wf0098,S7,628.776
wf0098,S8,671.762
wf0098,S9,649.979
wf0098,S10,634.081
wf0098,S11,632.413
wf0098,S12,642.644
wf0098,S13,633.198
wf0099,S1,646.853
wf0099,S2,634.822
wf0099,S3,659.732
wf0099,S4,636.812
wf0099,S5,668.604
wf0099,S6,634.761
wf0099,S7,629.179
wf0099,S8,635.134
wf0099,S9,649.39
wf0099,S10,628.083
wf0099,S11,647.666
wf0099,S12,630.383
wf0099,S13,661.938
wf0100,S1,636.156
wf0100,S2,639.69
wf0100,S3,627.806
wf0100,S4,630.526
wf0100,S5,619.019
wf0100,S6,636.784
wf0100,S7,640.458
wf0100,S8,622.625
wf0100,S9,627.329
wf0100,S10,607.167
wf0100,S11,641.34
wf0100,S12,625.209
wf0100,S13,641.985
wf0101,S1,607.4
wf0101,S2,621.548
wf0101,S3,612.514
wf0101,S4,600.054
wf0101,S5,607.667
wf0101,S6,623.179
wf0101,S7,610.008
wf0101,S8,599.688
wf0101,S9,609.544
wf0101,S10,619.271
wf0101,S11,611.67
wf0101,S12,627.812
wf0101,S13,607.122
wf0102,S1,659.5
wf0102,S2,678.578
wf0102,S3,667.348
wf0102,S4,671.809
wf0102,S5,645.673
wf0102,S6,648.389
wf0102,S7,659.513
wf0102,S8,662.833
wf0102,S9,663.913
wf0102,S10,644.893
wf0102,S11,652.891
wf0102,S12,673.175
wf0102,S13,675.183
wf0103,S1,632.202
wf0103,S2,619.557
wf0103,S3,629.468
wf0103,S4,630.029
wf0103,S5,619.39
wf0103,S6,603.105
wf0103,S7,642.998
wf0103,S8,632.435
wf0103,S9,632.807
wf0103,S10,614.573
wf0103,S11,628.416
wf0103,S12,632.454
wf0103,S13,597.494
wf0104,S1,648.249
wf0104,S2,629.181
wf0104,S3,636.782
wf0104,S4,650.853
wf0104,S5,634.7
wf0104,S6,637.418
wf0104,S7,649.24
wf0104,S8,628.865
wf0104,S9,638.833
wf0104,S10,650.445
wf0104,S11,639.798
wf0104,S12,640.249
wf0104,S13,653.966
wf0105,S1,630.448
wf0105,S2,612.074
wf0105,S3,628.696
wf0105,S4,610.46
wf0105,S5,609.324
wf0105,S6,624.774
wf0105,S7,635.317
wf0105,S8,621.812
wf0105,S9,611.392
wf0105,S10,624.943
wf0105,S11,614.907
wf0105,S12,612.863
wf0105,S13,641.746
wf0106,S1,657.316
wf0106,S2,656.583
wf0106,S3,653.453
wf0106,S4,664.445
wf0106,S5,660.894
wf0106,S6,664.879
wf0106,S7,675.679
wf0106,S8,674.571
wf0106,S9,662.167
wf0106,S10,652.467
wf0106,S11,663.913
wf0106,S12,666.334
wf0106,S13,682.001
wf0107,S1,558.347
wf0107,S2,549.662
wf0107,S3,573.582
wf0107,S4,562.426
wf0107,S5,583.897
wf0107,S6,568.316
wf0107,S7,567.564
wf0107,S8,569.239
wf0107,S9,574.61
wf0107,S10,546.626
wf0107,S11,569.813
wf0107,S12,560.843
wf0107,S13,597.234
wf0108,S1,587.622
wf0108,S2,596.353
wf0108,S3,622.056
wf0108,S4,622.23
wf0108,S5,605.116
wf0108,S6,624.862
wf0108,S7,650.284
wf0108,S8,621.11
wf0108,S9,611.823
wf0108,S10,618.276
wf0108,S11,608.042
wf0108,S12,607.961
wf0108,S13,638.245
wf0109,S1,580.542
wf0109,S2,569.149
wf0109,S3,567.874
wf0109,S4,593.766
wf0109,S5,577.902
wf0109,S6,543.202
wf0109,S7,566.856
wf0109,S8,565.893
wf0109,S9,569.205
wf0109,S10,570.048
wf0109,S11,529.722
wf0109,S12,574.358
wf0109,S13,567.149
wf0110,S1,653.142
wf0110,S2,643.131
wf0110,S3,637.381
wf0110,S4,641.278
wf0110,S5,638.822
wf0110,S6,660.619
wf0110,S7,643.808
wf0110,S8,641.427
wf0110,S9,657.658
wf0110,S10,656.937
wf0110,S11,660.96
wf0110,S12,661.541
wf0110,S13,657.555
wf0111,S1,619.537
wf0111,S2,599.499
wf0111,S3,618.769
wf0111,S4,614.897
wf0111,S5,612.228
wf0111,S6,586.142
wf0111,S7,609.136
wf0111,S8,626.83
wf0111,S9,628.737
wf0111,S10,604.986
wf0111,S11,639.978
wf0111,S12,616.576
wf0111,S13,625.381
wf0112,S1,663.495
wf0112,S2,627.822
wf0112,S3,638.264
wf0112,S4,630.094
wf0112,S5,664.256
wf0112,S6,640.37
wf0112,S7,646.354
wf0112,S8,657.82
wf0112,S9,646.577
wf0112,S10,651.971
wf0112,S11,642.882
wf0112,S12,638.98
wf0112,S13,656.382
wf0113,S1,604.57
wf0113,S2,609.869
wf0113,S3,593.274
wf0113,S4,616.425
wf0113,S5,614.62
wf0113,S6,610.355
wf0113,S7,627.788
wf0113,S8,605.229
wf0113,S9,620.711
wf0113,S10,607.972
wf0113,S11,624.66
wf0113,S12,625.38
wf0113,S13,616.236
wf0114,S1,596.803
wf0114,S2,606.264
wf0114,S3,632.98
wf0114,S4,607.652
wf0114,S5,606.319
wf0114,S6,599.515
wf0114,S7,606.632
wf0114,S8,628.651
wf0114,S9,622.139
wf0114,S10,623.244
wf0114,S11,587.727
wf0114,S12,609.127
wf0114,S13,616.779
wf0115,S1,615.965
wf0115,S2,618.566
wf0115,S3,599.177
wf0115,S4,604.522
wf0115,S5,623.918
wf0115,S6,603.697
wf0115,S7,613.091
wf0115,S8,639.755
wf0115,S9,603.926
wf0115,S10,606.435
wf0115,S11,584.319
wf0115,S12,614.522
wf0115,S13,629.498
wf0116,S1,613.039
wf0116,S2,590.199
wf0116,S3,607.043
wf0116,S4,605.703
wf0116,S5,613.568
wf0116,S6,610.513
wf0116,S7,631.837
wf0116,S8,616.69
wf0116,S9,643.496
wf0116,S10,643.407
wf0116,S11,634.463
wf0116,S12,626.268
wf0116,S13,626.761
wf0117,S1,650.769
wf0117,S2,659.149
wf0117,S3,638.537
wf0117,S4,661.272
wf0117,S5,662.985
wf0117,S6,663.748
wf0117,S7,648.348
wf0117,S8,653.996
wf0117,S9,635.522
wf0117,S10,656.901
wf0117,S11,668.532
wf0117,S12,668.739
wf0117,S13,655.907
wf0118,S1,605.76
wf0118,S2,588.852
wf0118,S3,613.841
wf0118,S4,609.013
wf0118,S5,626.563
wf0118,S6,617.676
wf0118,S7,602.717
wf0118,S8,608.066
wf0118,S9,617.087
wf0118,S10,599.372
wf0118,S11,623.877
wf0118,S12,607.717
wf0118,S13,615.956
wf0119,S1,611.896
wf0119,S2,598.46
wf0119,S3,593.212
wf0119,S4,599.293
wf0119,S5,584.719
wf0119,S6,574.809
wf0119,S7,592.07
wf0119,S8,581.801
wf0119,S9,576.556
wf0119,S10,590.966
wf0119,S11,585.64
wf0119,S12,584.884
wf0119,S13,566.295
wf0120,S1,629.649
wf0120,S2,614.072
wf0120,S3,615.052
wf0120,S4,624.259
wf0120,S5,631.738
wf0120,S6,625.248
wf0120,S7,632.19
wf0120,S8,608.424
wf0120,S9,630.983
wf0120,S10,610.873
wf0120,S11,626.565
wf0120,S12,609.889
wf0120,S13,629.936
wf0121,S1,656.22
wf0121,S2,666.654
wf0121,S3,671.945
wf0121,S4,665.466
wf0121,S5,669.548
wf0121,S6,670.101
wf0121,S7,676.893
wf0121,S8,674.154
wf0121,S9,644.244
wf0121,S10,677.007
wf0121,S11,663.812
wf0121,S12,667.654
wf0121,S13,674.42
wf0122,S1,685.978
wf0122,S2,655.075
wf0122,S3,644.675
wf0122,S4,669.312
wf0122,S5,673.994
wf0122,S6,677.801
wf0122,S7,665.279
wf0122,S8,655.822
wf0122,S9,676.831
wf0122,S10,650.633
wf0122,S11,677.505
wf0122,S12,661.104
wf0122,S13,663.338
wf0123,S1,625.908
wf0123,S2,605.335
wf0123,S3,623.962
wf0123,S4,630.397
wf0123,S5,638.698
wf0123,S6,612.32
wf0123,S7,628.436
wf0123,S8,630.097
wf0123,S9,621.182
wf0123,S10,638.037
wf0123,S11,637.838
wf0123,S12,620.968
wf0123,S13,628.243
wf0124,S1,629.28
wf0124,S2,635.489
wf0124,S3,610.834
wf0124,S4,594.659
wf0124,S5,591.091
wf0124,S6,589.866
wf0124,S7,615.192
wf0124,S8,602.262
wf0124,S9,598.65
wf0124,S10,589.692
wf0124,S11,607.543
wf0124,S12,592.066
wf0124,S13,610.427
wf0125,S1,590.712
wf0125,S2,589.666
wf0125,S3,592.086
wf0125,S4,591.046
wf0125,S5,574.064
wf0125,S6,585.595
wf0125,S7,619.237
wf0125,S8,606.675
wf0125,S9,589.085
wf0125,S10,590.64
wf0125,S11,596.904
wf0125,S12,576.967
wf0125,S13,603.886
wf0126,S1,631.203
wf0126,S2,628.613
wf0126,S3,639.695
wf0126,S4,607.711
wf0126,S5,624.929
wf0126,S6,620.595
wf0126,S7,627.259
wf0126,S8,604.999
wf0126,S9,613.779
wf0126,S10,605.555
wf0126,S11,634.283
wf0126,S12,614.067
wf0126,S13,639.189
wf0127,S1,629.815
wf0127,S2,632.877
wf0127,S3,621.164
wf0127,S4,639.177
wf0127,S5,612.461
wf0127,S6,615.594
wf0127,S7,643.397
wf0127,S8,647.24
wf0127,S9,631.271
wf0127,S10,617.807
wf0127,S11,641.495
wf0127,S12,626.558
wf0127,S13,628.278
wf0128,S1,594.117
wf0128,S2,605.128
wf0128,S3,608.642
wf0128,S4,584.429
wf0128,S5,607.1
wf0128,S6,635.961
wf0128,S7,604.764
wf0128,S8,600.521
wf0128,S9,609.015
wf0128,S10,620.051
wf0128,S11,604.0
wf0128,S12,598.754
wf0128,S13,605.208
wf0129,S1,632.325
wf0129,S2,606.564
wf0129,S3,602.084
wf0129,S4,611.541
wf0129,S5,626.504
wf0129,S6,625.896
wf0129,S7,613.22
wf0129,S8,621.225
wf0129,S9,610.91
wf0129,S10,617.271
wf0129,S11,633.026
wf0129,S12,628.686
wf0129,S13,615.189
wf0130,S1,648.628
wf0130,S2,636.909
wf0130,S3,635.05
wf0130,S4,663.046
wf0130,S5,658.036
wf0130,S6,654.36
wf0130,S7,633.222
wf0130,S8,631.275
wf0130,S9,638.549
wf0130,S10,632.085
wf0130,S11,663.787
wf0130,S12,640.137
wf0130,S13,646.758
wf0131,S1,616.338
wf0131,S2,591.808
wf0131,S3,530.379
wf0131,S4,579.362
wf0131,S5,568.9
wf0131,S6,591.74
wf0131,S7,630.966
wf0131,S8,598.364
wf0131,S9,596.578
wf0131,S10,503.788
wf0131,S11,668.798
wf0131,S12,617.592
wf0131,S13,567.84
wf0132,S1,626.916
wf0132,S2,646.694
wf0132,S3,606.629
wf0132,S4,626.865
wf0132,S5,606.468
wf0132,S6,615.184
wf0132,S7,611.377
wf0132,S8,608.825
wf0132,S9,620.606
wf0132,S10,631.497
wf0132,S11,602.908
wf0132,S12,616.872
wf0132,S13,590.539
wf0133,S1,628.978
wf0133,S2,627.309
wf0133,S3,640.545
wf0133,S4,643.061
wf0133,S5,650.67
wf0133,S6,635.142
wf0133,S7,639.661
wf0133,S8,625.5
wf0133,S9,644.322
wf0133,S10,628.438
wf0133,S11,652.463
wf0133,S12,637.41
wf0133,S13,639.478
wf0134,S1,623.285
wf0134,S2,594.584
wf0134,S3,591.782
wf0134,S4,615.865
wf0134,S5,614.613
wf0134,S6,609.182
wf0134,S7,622.446
wf0134,S8,610.306
wf0134,S9,593.644
wf0134,S10,600.923
wf0134,S11,601.936
wf0134,S12,588.28
wf0134,S13,621.371
wf0135,S1,616.021
wf0135,S2,634.325
wf0135,S3,611.338
wf0135,S4,625.43
wf0135,S5,630.862
wf0135,S6,641.644
wf0135,S7,614.007
wf0135,S8,618.677
wf0135,S9,634.285
wf0135,S10,591.387
wf0135,S11,632.978
wf0135,S12,624.352
wf0135,S13,643.827
wf0136,S1,635.801
wf0136,S2,646.293
wf0136,S3,627.628
wf0136,S4,642.091
wf0136,S5,624.779
wf0136,S6,645.439
wf0136,S7,645.63
wf0136,S8,620.641
wf0136,S9,633.548
wf0136,S10,631.141
wf0136,S11,628.012
wf0136,S12,623.257
wf0136,S13,629.12
wf0137,S1,617.758
wf0137,S2,608.518
wf0137,S3,621.815
wf0137,S4,631.911
wf0137,S5,637.015
wf0137,S6,619.531
wf0137,S7,622.398
wf0137,S8,618.28
wf0137,S9,602.893
wf0137,S10,612.181
wf0137,S11,645.26
wf0137,S12,619.952
wf0137,S13,613.699
wf0138,S1,621.242
wf0138,S2,605.298
wf0138,S3,632.454
wf0138,S4,629.021
wf0138,S5,605.797
wf0138,S6,608.139
wf0138,S7,619.109
wf0138,S8,613.91
wf0138,S9,619.709
wf0138,S10,624.422
wf0138,S11,599.635
wf0138,S12,628.894
wf0138,S13,596.062
wf0139,S1,636.113
wf0139,S2,631.972
wf0139,S3,626.377
wf0139,S4,613.635
wf0139,S5,630.69
wf0139,S6,633.193
wf0139,S7,619.461
wf0139,S8,613.08
wf0139,S9,614.214
wf0139,S10,642.013
wf0139,S11,624.157
wf0139,S12,631.768
wf0139,S13,616.683
wf0140,S1,639.706
wf0140,S2,634.588
wf0140,S3,642.501
wf0140,S4,665.159
wf0140,S5,641.308
wf0140,S6,655.178
wf0140,S7,634.158
wf0140,S8,637.498
wf0140,S9,655.447
wf0140,S10,648.439
wf0140,S11,638.988
wf0140,S12,635.59
wf0140,S13,631.721
wf0141,S1,578.711
wf0141,S2,577.339
wf0141,S3,580.829
wf0141,S4,587.438
wf0141,S5,565.135
wf0141,S6,571.225
wf0141,S7,586.347
wf0141,S8,552.543
wf0141,S9,587.157
wf0141,S10,587.848
wf0141,S11,604.508
wf0141,S12,581.24
wf0141,S13,598.137
wf0142,S1,638.546
wf0142,S2,656.308
wf0142,S3,614.7
wf0142,S4,652.951
wf0142,S5,657.149
wf0142,S6,655.538
wf0142,S7,652.853
wf0142,S8,659.303
wf0142,S9,636.523
wf0142,S10,639.776
wf0142,S11,633.334
wf0142,S12,652.006
wf0142,S13,649.075
wf0143,S1,655.351
wf0143,S2,603.654
wf0143,S3,628.783
wf0143,S4,628.386
wf0143,S5,626.452
wf0143,S6,641.585
wf0143,S7,611.546
wf0143,S8,612.957
wf0143,S9,634.803
wf0143,S10,621.543
wf0143,S11,635.258
wf0143,S12,643.297
wf0143,S13,613.259
wf0144,S1,617.763
wf0144,S2,631.811
wf0144,S3,605.35
wf0144,S4,610.268
wf0144,S5,603.781
wf0144,S6,608.015
wf0144,S7,607.119
wf0144,S8,623.327
wf0144,S9,626.114
wf0144,S10,633.439
wf0144,S11,622.049
wf0144,S12,615.886
wf0144,S13,637.056
wf0145,S1,615.637
wf0145,S2,624.137
wf0145,S3,654.995
wf0145,S4,652.077
wf0145,S5,634.682
wf0145,S6,606.096
wf0145,S7,636.582
wf0145,S8,632.467
wf0145,S9,606.753
wf0145,S10,620.173
wf0145,S11,645.972
wf0145,S12,613.837
wf0145,S13,635.173
wf0146,S1,651.412
wf0146,S2,632.622
wf0146,S3,649.166
wf0146,S4,635.769
wf0146,S5,609.613
wf0146,S6,631.268
wf0146,S7,639.579
wf0146,S8,643.261
wf0146,S9,649.583
wf0146,S10,649.827
wf0146,S11,656.762
wf0146,S12,624.932
wf0146,S13,618.741
wf0147,S1,634.698
wf0147,S2,634.222
wf0147,S3,638.422
wf0147,S4,650.061
wf0147,S5,628.85
wf0147,S6,642.425
wf0147,S7,636.142
wf0147,S8,663.452
wf0147,S9,666.44
wf0147,S10,652.581
wf0147,S11,636.118
wf0147,S12,639.8
wf0147,S13,640.073
wf0148,S1,633.934
wf0148,S2,626.801
wf0148,S3,602.747
wf0148,S4,610.382
wf0148,S5,644.457
wf0148,S6,608.11
wf0148,S7,632.721
wf0148,S8,606.886
wf0148,S9,596.293
wf0148,S10,625.248
wf0148,S11,642.792
wf0148,S12,605.508
wf0148,S13,628.599
wf0149,S1,623.996
wf0149,S2,616.417
wf0149,S3,612.445
wf0149,S4,585.689
wf0149,S5,620.402
wf0149,S6,615.756
wf0149,S7,638.061
wf0149,S8,598.937
wf0149,S9,608.053
wf0149,S10,590.941
wf0149,S11,619.998
wf0149,S12,628.836
wf0149,S13,607.303
wf0150,S1,636.185
wf0150,S2,623.294
wf0150,S3,640.924
wf0150,S4,632.276
wf0150,S5,643.824
wf0150,S6,600.939
wf0150,S7,643.01
wf0150,S8,636.884
wf0150,S9,616.536
wf0150,S10,650.53
wf0150,S11,602.519
wf0150,S12,612.747
wf0150,S13,629.19
wf0151,S1,606.602
wf0151,S2,610.664
wf0151,S3,609.432
wf0151,S4,612.073
wf0151,S5,619.438
wf0151,S6,588.65
wf0151,S7,614.821
wf0151,S8,614.926
wf0151,S9,609.832
wf0151,S10,597.495
wf0151,S11,600.546
wf0151,S12,611.081
wf0151,S13,603.815
wf0152,S1,656.376
wf0152,S2,642.392
wf0152,S3,659.355
wf0152,S4,640.922
wf0152,S5,669.933
wf0152,S6,673.517
wf0152,S7,647.861
wf0152,S8,659.54
wf0152,S9,656.2
wf0152,S10,664.216
wf0152,S11,659.045
wf0152,S12,649.929
wf0152,S13,647.738
wf0153,S1,709.391
wf0153,S2,702.58
wf0153,S3,681.578
wf0153,S4,708.86
wf0153,S5,711.373
wf0153,S6,745.017
wf0153,S7,724.888
wf0153,S8,700.655
wf0153,S9,704.449
wf0153,S10,700.905
wf0153,S11,716.183
wf0153,S12,692.258
wf0153,S13,698.425
wf0154,S1,612.798
wf0154,S2,601.688
wf0154,S3,615.172
wf0154,S4,633.403
wf0154,S5,609.138
wf0154,S6,610.282
wf0154,S7,608.721
wf0154,S8,606.475
wf0154,S9,630.317
wf0154,S10,614.151
wf0154,S11,617.402
wf0154,S12,617.471
wf0154,S13,601.956
wf0155,S1,655.963
wf0155,S2,673.926
wf0155,S3,660.117
wf0155,S4,668.975
wf0155,S5,659.416
wf0155,S6,658.497
wf0155,S7,639.322
wf0155,S8,667.129
wf0155,S9,658.299
wf0155,S10,646.799
wf0155,S11,657.124
wf0155,S12,674.697
wf0155,S13,665.383
wf0156,S1,629.572
wf0156,S2,650.596
wf0156,S3,672.081
wf0156,S4,616.107
wf0156,S5,662.285
wf0156,S6,635.385
wf0156,S7,659.99
wf0156,S8,668.286
wf0156,S9,648.456
wf0156,S10,639.577
wf0156,S11,649.186
wf0156,S12,649.154
wf0156,S13,647.784
wf0157,S1,608.265
wf0157,S2,617.42
wf0157,S3,660.054
wf0157,S4,612.271
wf0157,S5,599.745
wf0157,S6,652.151
wf0157,S7,567.875
wf0157,S8,607.627
wf0157,S9,658.605
wf0157,S10,597.859
wf0157,S11,647.222
wf0157,S12,611.239
wf0157,S13,631.872
wf0158,S1,589.759
wf0158,S2,647.102
wf0158,S3,651.79
wf0158,S4,602.508
wf0158,S5,684.156
wf0158,S6,600.657
wf0158,S7,623.757
wf0158,S8,601.196
wf0158,S9,613.773
wf0158,S10,653.651
wf0158,S11,623.661
wf0158,S12,619.389
wf0158,S13,711.124
wf0159,S1,640.112
wf0159,S2,640.695
wf0159,S3,659.431
wf0159,S4,646.112
wf0159,S5,670.402
wf0159,S6,642.531
wf0159,S7,670.303
wf0159,S8,634.821
wf0159,S9,674.06
wf0159,S10,626.11
wf0159,S11,653.187
wf0159,S12,636.215
wf0159,S13,652.84
wf0160,S1,624.316
wf0160,S2,638.643
wf0160,S3,634.588
wf0160,S4,643.372
wf0160,S5,643.625
wf0160,S6,639.039
wf0160,S7,615.822
wf0160,S8,632.993
wf0160,S9,633.757
wf0160,S10,630.362
wf0160,S11,652.052
wf0160,S12,637.695
wf0160,S13,606.322
wf0161,S1,612.134
wf0161,S2,600.444
wf0161,S3,621.656
wf0161,S4,615.054
wf0161,S5,618.562
wf0161,S6,605.872
wf0161,S7,617.201
wf0161,S8,601.079
wf0161,S9,617.663
wf0161,S10,640.638
wf0161,S11,623.678
wf0161,S12,632.984
wf0161,S13,621.896
wf0162,S1,660.251
wf0162,S2,642.054
wf0162,S3,634.011
wf0162,S4,630.519
wf0162,S5,640.131
wf0162,S6,628.442
wf0162,S7,629.643
wf0162,S8,654.524
wf0162,S9,644.63
wf0162,S10,611.066
wf0162,S11,628.581
wf0162,S12,645.254
wf0162,S13,633.756
wf0163,S1,611.412
wf0163,S2,584.061
wf0163,S3,630.126
wf0163,S4,596.797
wf0163,S5,609.289
wf0163,S6,634.041
wf0163,S7,610.408
wf0163,S8,613.322
wf0163,S9,597.909
wf0163,S10,618.125
wf0163,S11,597.772
wf0163,S12,601.921
wf0163,S13,613.858
wf0164,S1,646.089
wf0164,S2,664.802
wf0164,S3,664.889
wf0164,S4,655.064
wf0164,S5,629.679
wf0164,S6,637.224
wf0164,S7,638.629
wf0164,S8,637.662
wf0164,S9,623.283
wf0164,S10,636.251
wf0164,S11,642.658
wf0164,S12,647.981
wf0164,S13,628.864
wf0165,S1,620.609
wf0165,S2,620.818
wf0165,S3,619.079
wf0165,S4,622.008
wf0165,S5,625.202
wf0165,S6,619.33
wf0165,S7,620.327
wf0165,S8,614.643
wf0165,S9,625.02
wf0165,S10,635.147
wf0165,S11,603.803
wf0165,S12,609.069
wf0165,S13,628.298
wf0166,S1,670.468
wf0166,S2,654.157
wf0166,S3,628.219
wf0166,S4,644.44
wf0166,S5,635.464
wf0166,S6,651.739
wf0166,S7,658.039
wf0166,S8,638.083
wf0166,S9,686.937
wf0166,S10,666.817
wf0166,S11,663.873
wf0166,S12,640.101
wf0166,S13,647.266
wf0167,S1,622.107
wf0167,S2,625.161
wf0167,S3,628.257
wf0167,S4,647.564
wf0167,S5,630.501
wf0167,S6,626.415
wf0167,S7,645.023
wf0167,S8,647.27
wf0167,S9,614.93
wf0167,S10,629.208
wf0167,S11,648.913
wf0167,S12,605.471
wf0167,S13,641.994
wf0168,S1,621.267
wf0168,S2,621.15
wf0168,S3,626.418
wf0168,S4,601.719
wf0168,S5,599.074
wf0168,S6,639.788
wf0168,S7,637.253
wf0168,S8,642.418
wf0168,S9,621.227
wf0168,S10,595.768
wf0168,S11,622.706
wf0168,S12,614.322
wf0168,S13,630.073
wf0169,S1,609.043
wf0169,S2,626.492
wf0169,S3,622.351
wf0169,S4,618.006
wf0169,S5,588.447
wf0169,S6,606.731
wf0169,S7,593.363
wf0169,S8,599.926
wf0169,S9,607.704
wf0169,S10,625.473
wf0169,S11,611.123
wf0169,S12,630.618
wf0169,S13,622.822
wf0170,S1,635.506
wf0170,S2,628.421
wf0170,S3,650.449
wf0170,S4,625.463
wf0170,S5,628.91
wf0170,S6,638.816
wf0170,S7,648.606
wf0170,S8,637.011
wf0170,S9,627.627
wf0170,S10,635.244
wf0170,S11,646.618
wf0170,S12,648.335
wf0170,S13,651.935
wf0171,S1,638.163
wf0171,S2,634.577
wf0171,S3,642.673
wf0171,S4,623.068
wf0171,S5,636.336
wf0171,S6,610.4
wf0171,S7,636.339
wf0171,S8,642.716
wf0171,S9,639.018
wf0171,S10,653.315
wf0171,S11,624.228
wf0171,S12,632.188
wf0171,S13,643.962
wf0172,S1,634.042
wf0172,S2,624.915
wf0172,S3,616.183
wf0172,S4,625.793
wf0172,S5,628.166
wf0172,S6,613.903
wf0172,S7,616.072
wf0172,S8,637.839
wf0172,S9,633.449
wf0172,S10,629.303
wf0172,S11,616.648
wf0172,S12,616.495
wf0172,S13,629.918
wf0173,S1,632.995
wf0173,S2,645.585
wf0173,S3,658.495
wf0173,S4,647.02
wf0173,S5,629.839
wf0173,S6,616.743
wf0173,S7,636.278
wf0173,S8,618.087
wf0173,S9,631.586
wf0173,S10,634.651
wf0173,S11,648.444
wf0173,S12,628.812
wf0173,S13,629.515
wf0174,S1,648.622
wf0174,S2,640.901
wf0174,S3,633.771
wf0174,S4,659.617
wf0174,S5,642.238
wf0174,S6,637.023
wf0174,S7,662.941
wf0174,S8,661.147
wf0174,S9,652.463
wf0174,S10,647.16
wf0174,S11,647.169
wf0174,S12,650.01
wf0174,S13,644.909
wf0175,S1,634.069
wf0175,S2,643.446
wf0175,S3,625.548
wf0175,S4,604.279
wf0175,S5,597.2
wf0175,S6,610.544
wf0175,S7,644.118
wf0175,S8,610.578
wf0175,S9,626.355
wf0175,S10,633.542
wf0175,S11,623.384
wf0175,S12,636.625
wf0175,S13,616.978
wf0176,S1,636.08
wf0176,S2,598.042
wf0176,S3,611.033
wf0176,S4,600.221
wf0176,S5,593.732
wf0176,S6,602.248
wf0176,S7,597.847
wf0176,S8,621.161
wf0176,S9,594.583
wf0176,S10,627.737
wf0176,S11,593.623
wf0176,S12,617.81
wf0176,S13,599.964
wf0177,S1,495.286
wf0177,S2,513.399
wf0177,S3,500.0
wf0177,S4,535.439
wf0177,S5,520.369
wf0177,S6,520.904
wf0177,S7,524.026
wf0177,S8,517.063
wf0177,S9,511.442
wf0177,S10,477.059
wf0177,S11,528.381
wf0177,S12,521.801
wf0177,S13,522.765
wf0178,S1,621.584
wf0178,S2,654.405
wf0178,S3,628.955
wf0178,S4,664.456
wf0178,S5,620.351
wf0178,S6,621.751
wf0178,S7,643.011
wf0178,S8,625.357
wf0178,S9,653.957
wf0178,S10,655.349
wf0178,S11,632.866
wf0178,S12,630.861
wf0178,S13,671.09
wf0179,S1,600.789
wf0179,S2,580.409
wf0179,S3,611.843
wf0179,S4,602.776
wf0179,S5,587.626
wf0179,S6,608.769
wf0179,S7,591.072
wf0179,S8,589.507
wf0179,S9,616.049
wf0179,S10,617.832
wf0179,S11,590.607
wf0179,S12,623.667
wf0179,S13,616.207
wf0180,S1,685.056
wf0180,S2,684.603
wf0180,S3,685.841
wf0180,S4,667.482
wf0180,S5,713.794
wf0180,S6,682.449
wf0180,S7,677.145
wf0180,S8,659.534
wf0180,S9,685.242
wf0180,S10,704.714
wf0180,S11,721.977
wf0180,S12,666.483
wf0180,S13,677.93
wf0181,S1,622.952
wf0181,S2,629.144
wf0181,S3,628.289
wf0181,S4,620.766
wf0181,S5,631.709
wf0181,S6,608.596
wf0181,S7,632.421
wf0181,S8,632.071
wf0181,S9,598.735
wf0181,S10,614.45
wf0181,S11,637.99
wf0181,S12,616.831
wf0181,S13,628.314
wf0182,S1,631.042
wf0182,S2,628.633
wf0182,S3,643.808
wf0182,S4,635.541
wf0182,S5,612.498
wf0182,S6,625.922
wf0182,S7,627.938
wf0182,S8,638.884
wf0182,S9,620.765
wf0182,S10,631.091
wf0182,S11,643.579
wf0182,S12,646.855
wf0182,S13,633.775
wf0183,S1,612.057
wf0183,S2,604.935
wf0183,S3,592.408
wf0183,S4,596.124
wf0183,S5,620.747
wf0183,S6,579.588
wf0183,S7,609.367
wf0183,S8,614.674
wf0183,S9,607.454
wf0183,S10,603.41
wf0183,S11,595.462
wf0183,S12,593.731
wf0183,S13,618.241
wf0184,S1,475.904
wf0184,S2,506.488
wf0184,S3,493.065
wf0184,S4,450.644
wf0184,S5,488.067
wf0184,S6,482.861
wf0184,S7,472.908
wf0184,S8,480.44
wf0184,S9,503.197
wf0184,S10,460.045
wf0184,S11,461.472
wf0184,S12,480.648
wf0184,S13,468.977
wf0185,S1,629.085
wf0185,S2,599.732
wf0185,S3,617.96
wf0185,S4,614.969
wf0185,S5,621.872
wf0185,S6,618.745
wf0185,S7,625.341
wf0185,S8,600.35
wf0185,S9,625.926
wf0185,S10,630.743
wf0185,S11,611.334
wf0185,S12,620.891
wf0185,S13,602.141
wf0186,S1,603.05
wf0186,S2,631.736
wf0186,S3,624.372
wf0186,S4,620.405
wf0186,S5,643.962
wf0186,S6,619.051
wf0186,S7,626.211
wf0186,S8,645.413
wf0186,S9,614.352
wf0186,S10,630.1
wf0186,S11,595.966
wf0186,S12,615.311
wf0186,S13,615.901
wf0187,S1,628.016
wf0187,S2,605.565
wf0187,S3,603.163
wf0187,S4,601.917
wf0187,S5,619.006
wf0187,S6,616.332
wf0187,S7,613.604
wf0187,S8,616.677
wf0187,S9,597.795
wf0187,S10,617.23
wf0187,S11,624.999
wf0187,S12,645.358
wf0187,S13,616.276
wf0188,S1,611.64
wf0188,S2,606.726
wf0188,S3,613.981
wf0188,S4,633.079
wf0188,S5,609.21
wf0188,S6,625.843
wf0188,S7,615.341
wf0188,S8,616.58
wf0188,S9,614.807
wf0188,S10,644.819
wf0188,S11,637.328
wf0188,S12,619.865
wf0188,S13,613.329
wf0189,S1,620.629
wf0189,S2,626.709
wf0189,S3,637.517
wf0189,S4,627.568
wf0189,S5,635.928
wf0189,S6,626.938
wf0189,S7,592.595
wf0189,S8,625.024
wf0189,S9,616.499
wf0189,S10,611.357
wf0189,S11,588.506
wf0189,S12,622.404
wf0189,S13,626.996
wf0190,S1,595.744
wf0190,S2,612.641
wf0190,S3,622.989
wf0190,S4,609.447
wf0190,S5,612.59
wf0190,S6,589.415
wf0190,S7,628.076
wf0190,S8,608.728
wf0190,S9,646.875
wf0190,S10,622.957
wf0190,S11,632.651
wf0190,S12,637.387
wf0190,S13,621.613
wf0191,S1,610.897
wf0191,S2,579.708
wf0191,S3,610.205
wf0191,S4,623.705
wf0191,S5,619.461
wf0191,S6,619.286
wf0191,S7,638.987
wf0191,S8,616.857
wf0191,S9,617.663
wf0191,S10,624.141
wf0191,S11,615.95
wf0191,S12,653.033
wf0191,S13,633.31
wf0192,S1,528.532
wf0192,S2,608.831
wf0192,S3,606.536
wf0192,S4,640.98
wf0192,S5,548.581
wf0192,S6,650.993
wf0192,S7,573.784
wf0192,S8,577.82
wf0192,S9,560.196
wf0192,S10,644.61
wf0192,S11,651.889
wf0192,S12,612.8
wf0192,S13,606.785
wf0193,S1,602.934
wf0193,S2,575.845
wf0193,S3,596.477
wf0193,S4,586.485
wf0193,S5,610.564
wf0193,S6,598.026
wf0193,S7,598.343
wf0193,S8,605.951
wf0193,S9,597.526
wf0193,S10,605.79
wf0193,S11,592.521
wf0193,S12,631.119
wf0193,S13,606.044
wf0194,S1,614.733
wf0194,S2,618.173
wf0194,S3,642.298
wf0194,S4,635.683
wf0194,S5,633.872
wf0194,S6,617.071
wf0194,S7,610.032
wf0194,S8,607.614
wf0194,S9,639.794
wf0194,S10,614.112
wf0194,S11,618.95
wf0194,S12,646.946
wf0194,S13,614.144
wf0195,S1,644.024
wf0195,S2,662.0
wf0195,S3,701.215
wf0195,S4,676.391
wf0195,S5,706.954
wf0195,S6,673.769
wf0195,S7,653.133
wf0195,S8,653.224
wf0195,S9,658.419
wf0195,S10,661.915
wf0195,S11,663.753
wf0195,S12,658.735
wf0195,S13,677.904
wf0196,S1,645.934
wf0196,S2,634.116
wf0196,S3,642.878
wf0196,S4,644.021
wf0196,S5,652.985
wf0196,S6,632.325
wf0196,S7,629.597
wf0196,S8,636.421
wf0196,S9,660.803
wf0196,S10,659.741
wf0196,S11,668.182
wf0196,S12,646.875
wf0196,S13,627.933
wf0197,S1,612.916
wf0197,S2,618.202
wf0197,S3,599.726
wf0197,S4,647.427
wf0197,S5,611.638
wf0197,S6,634.905
wf0197,S7,618.899
wf0197,S8,640.71
wf0197,S9,614.595
wf0197,S10,634.873
wf0197,S11,613.824
wf0197,S12,618.443
wf0197,S13,662.35
wf0198,S1,609.713
wf0198,S2,616.073
wf0198,S3,599.301
wf0198,S4,619.05
wf0198,S5,596.603
wf0198,S6,614.569
wf0198,S7,585.812
wf0198,S8,632.938
wf0198,S9,592.498
wf0198,S10,609.065
wf0198,S11,598.111
wf0198,S12,590.298
wf0198,S13,632.784
wf0199,S1,601.586
wf0199,S2,624.427
wf0199,S3,636.223
wf0199,S4,626.495
wf0199,S5,633.707
wf0199,S6,548.648
wf0199,S7,652.385
wf0199,S8,556.865
wf0199,S9,612.025
wf0199,S10,574.238
wf0199,S11,649.804
wf0199,S12,562.676
wf0199,S13,631.092
wf0200,S1,631.844
wf0200,S2,620.331
wf0200,S3,629.87
wf0200,S4,639.134
wf0200,S5,604.448
wf0200,S6,629.489
wf0200,S7,634.839
wf0200,S8,646.568
wf0200,S9,627.983
wf0200,S10,607.91
wf0200,S11,636.096
wf0200,S12,622.167
wf0200,S13,641.308
wf0201,S1,630.898
wf0201,S2,608.345
wf0201,S3,621.884
wf0201,S4,649.167
wf0201,S5,644.064
wf0201,S6,629.72
wf0201,S7,611.394
wf0201,S8,626.391
wf0201,S9,646.643
wf0201,S10,649.389
wf0201,S11,632.098
wf0201,S12,639.841
wf0201,S13,625.662
wf0202,S1,709.035
wf0202,S2,673.556
wf0202,S3,602.221
wf0202,S4,662.498
wf0202,S5,582.308
wf0202,S6,734.317
wf0202,S7,595.035
wf0202,S8,664.717
wf0202,S9,627.522
wf0202,S10,669.572
wf0202,S11,696.075
wf0202,S12,672.861
wf0202,S13,635.588
wf0203,S1,626.181
wf0203,S2,639.588
wf0203,S3,609.545
wf0203,S4,630.944
wf0203,S5,646.018
wf0203,S6,643.686
wf0203,S7,642.731
wf0203,S8,632.281
wf0203,S9,655.654
wf0203,S10,605.367
wf0203,S11,628.966
wf0203,S12,585.111
wf0203,S13,639.423
wf0204,S1,603.371
wf0204,S2,595.118
wf0204,S3,618.504
wf0204,S4,621.258
wf0204,S5,572.072
wf0204,S6,599.591
wf0204,S7,629.507
wf0204,S8,587.486
wf0204,S9,594.053
wf0204,S10,588.85
wf0204,S11,611.873
wf0204,S12,609.576
wf0204,S13,603.388
wf0205,S1,656.153
wf0205,S2,637.173
wf0205,S3,649.046
wf0205,S4,645.238
wf0205,S5,659.355
wf0205,S6,672.013
wf0205,S7,649.486
wf0205,S8,645.447
wf0205,S9,665.878
wf0205,S10,642.448
wf0205,S11,660.148
wf0205,S12,631.843
wf0205,S13,642.657
wf0206,S1,621.957
wf0206,S2,671.635
wf0206,S3,590.961
wf0206,S4,559.524
wf0206,S5,571.565
wf0206,S6,658.036
wf0206,S7,614.203
wf0206,S8,642.96
wf0206,S9,711.884
wf0206,S10,639.604
wf0206,S11,627.262
wf0206,S12,631.437
wf0206,S13,589.213
wf0207,S1,630.423
wf0207,S2,621.293
wf0207,S3,652.833
wf0207,S4,635.345
wf0207,S5,609.21
wf0207,S6,660.141
wf0207,S7,628.579
wf0207,S8,628.778
wf0207,S9,654.816
wf0207,S10,645.102
wf0207,S11,642.468
wf0207,S12,645.33
wf0207,S13,645.839
wf0208,S1,611.262
wf0208,S2,584.455
wf0208,S3,587.767
wf0208,S4,580.941
wf0208,S5,582.959
wf0208,S6,612.286
wf0208,S7,591.256
wf0208,S8,590.832
wf0208,S9,595.744
wf0208,S10,585.773
wf0208,S11,579.529
wf0208,S12,577.1
wf0208,S13,562.605
wf0209,S1,639.331
wf0209,S2,648.228
wf0209,S3,640.095
wf0209,S4,657.085
wf0209,S5,632.857
wf0209,S6,651.653
wf0209,S7,644.495
wf0209,S8,653.118
wf0209,S9,633.088
wf0209,S10,612.722
wf0209,S11,641.528
wf0209,S12,646.808
wf0209,S13,648.601
wf0210,S1,509.834
wf0210,S2,495.396
wf0210,S3,508.685
wf0210,S4,476.451
wf0210,S5,499.863
wf0210,S6,502.221
wf0210,S7,470.194
wf0210,S8,499.002
wf0210,S9,512.836
wf0210,S10,513.722
wf0210,S11,508.71
wf0210,S12,500.095
wf0210,S13,493.858
wf0211,S1,622.035
wf0211,S2,592.694
wf0211,S3,639.1
wf0211,S4,627.469
wf0211,S5,618.289
wf0211,S6,613.525
wf0211,S7,583.832
wf0211,S8,645.519
wf0211,S9,636.947
wf0211,S10,633.068
wf0211,S11,595.405
wf0211,S12,630.998
wf0211,S13,627.292
wf0212,S1,619.585
wf0212,S2,604.97
wf0212,S3,604.509
wf0212,S4,628.554
wf0212,S5,624.812
wf0212,S6,610.082
wf0212,S7,632.703
wf0212,S8,661.013
wf0212,S9,627.726
wf0212,S10,647.387
wf0212,S11,611.322
wf0212,S12,619.821
wf0212,S13,631.788
wf0213,S1,627.37
wf0213,S2,601.828
wf0213,S3,623.533
wf0213,S4,594.362
wf0213,S5,606.784
wf0213,S6,624.587
wf0213,S7,615.501
wf0213,S8,616.094
wf0213,S9,597.638
wf0213,S10,597.827
wf0213,S11,633.589
wf0213,S12,589.377
wf0213,S13,620.556
wf0214,S1,633.706
wf0214,S2,649.021
wf0214,S3,641.767
wf0214,S4,651.792
wf0214,S5,662.218
wf0214,S6,645.024
wf0214,S7,635.988
wf0214,S8,636.937
wf0214,S9,642.331
wf0214,S10,634.257
wf0214,S11,645.038
wf0214,S12,655.478
wf0214,S13,628.816
wf0215,S1,634.159
wf0215,S2,626.61
wf0215,S3,655.253
wf0215,S4,630.056
wf0215,S5,645.634
wf0215,S6,623.177
wf0215,S7,631.087
wf0215,S8,639.248
wf0215,S9,660.747
wf0215,S10,606.779
wf0215,S11,637.22
wf0215,S12,619.118
wf0215,S13,626.855
wf0216,S1,577.597
wf0216,S2,592.616
wf0216,S3,584.171
wf0216,S4,591.829
wf0216,S5,563.113
wf0216,S6,598.527
wf0216,S7,581.195
wf0216,S8,565.878
wf0216,S9,586.947
wf0216,S10,594.898
wf0216,S11,576.202
wf0216,S12,607.465
wf0216,S13,629.311
wf0217,S1,645.99
wf0217,S2,669.227
wf0217,S3,622.634
wf0217,S4,651.31
wf0217,S5,652.532
wf0217,S6,627.809
wf0217,S7,649.15
wf0217,S8,644.828
wf0217,S9,632.272
wf0217,S10,678.835
wf0217,S11,672.001
wf0217,S12,659.506
wf0217,S13,643.893
wf0218,S1,651.126
wf0218,S2,646.993
wf0218,S3,633.905
wf0218,S4,672.331
wf0218,S5,669.374
wf0218,S6,650.707
wf0218,S7,655.143
wf0218,S8,658.82
wf0218,S9,659.381
wf0218,S10,651.087
wf0218,S11,662.688
wf0218,S12,653.816
wf0218,S13,647.857
wf0219,S1,616.361
wf0219,S2,639.972
wf0219,S3,634.65
wf0219,S4,619.66
wf0219,S5,654.426
wf0219,S6,609.869
wf0219,S7,626.627
wf0219,S8,628.9
wf0219,S9,611.634
wf0219,S10,628.634
wf0219,S11,652.575
wf0219,S12,635.516
wf0219,S13,616.206
wf0220,S1,682.314
wf0220,S2,674.782
wf0220,S3,687.411
wf0220,S4,705.727
wf0220,S5,703.55
wf0220,S6,673.037
wf0220,S7,687.242
wf0220,S8,662.619
wf0220,S9,694.164
wf0220,S10,640.586
wf0220,S11,662.934
wf0220,S12,678.99
wf0220,S13,672.564
wf0221,S1,646.232
wf0221,S2,645.403
wf0221,S3,633.973
wf0221,S4,644.698
wf0221,S5,651.016
wf0221,S6,642.067
wf0221,S7,636.647
wf0221,S8,664.021
wf0221,S9,659.614
wf0221,S10,650.302
wf0221,S11,653.408
wf0221,S12,645.898
wf0221,S13,646.301
wf0222,S1,633.731
wf0222,S2,657.396
wf0222,S3,627.853
wf0222,S4,606.223
wf0222,S5,612.442
wf0222,S6,615.217
wf0222,S7,648.361
wf0222,S8,607.312
wf0222,S9,608.274
wf0222,S10,621.689
wf0222,S11,615.689
wf0222,S12,601.642
wf0222,S13,624.617
wf0223,S1,677.227
wf0223,S2,650.472
wf0223,S3,635.065
wf0223,S4,560.195
wf0223,S5,610.053
wf0223,S6,654.01
wf0223,S7,713.058
wf0223,S8,642.385
wf0223,S9,677.168
wf0223,S10,596.431
wf0223,S11,636.75
wf0223,S12,620.776
wf0223,S13,635.573
wf0224,S1,641.897
wf0224,S2,632.419
wf0224,S3,609.197
wf0224,S4,645.857
wf0224,S5,635.727
wf0224,S6,630.423
wf0224,S7,622.505
wf0224,S8,648.904
wf0224,S9,644.243
wf0224,S10,630.721
wf0224,S11,645.206
wf0224,S12,632.277
wf0224,S13,602.011
wf0225,S1,623.952
wf0225,S2,612.254
wf0225,S3,632.735
wf0225,S4,633.981
wf0225,S5,634.651
wf0225,S6,618.316
wf0225,S7,596.371
wf0225,S8,640.601
wf0225,S9,621.953
wf0225,S10,629.38
wf0225,S11,593.652
wf0225,S12,598.365
wf0225,S13,624.041
wf0226,S1,630.507
wf0226,S2,600.83
wf0226,S3,609.959
wf0226,S4,626.341
wf0226,S5,655.99
wf0226,S6,643.494
wf0226,S7,644.817
wf0226,S8,637.198
wf0226,S9,626.173
wf0226,S10,619.901
wf0226,S11,623.346
wf0226,S12,639.624
wf0226,S13,621.489
wf0227,S1,624.287
wf0227,S2,617.966
wf0227,S3,622.325
wf0227,S4,623.554
wf0227,S5,619.598
wf0227,S6,599.694
wf0227,S7,610.298
wf0227,S8,612.701
wf0227,S9,637.252
wf0227,S10,634.355
wf0227,S11,628.141
wf0227,S12,625.771
wf0227,S13,635.371
wf0228,S1,645.725
wf0228,S2,651.952
wf0228,S3,657.926
wf0228,S4,656.493
wf0228,S5,674.485
wf0228,S6,641.111
wf0228,S7,685.451
wf0228,S8,663.059
wf0228,S9,658.375
wf0228,S10,630.848
wf0228,S11,660.617
wf0228,S12,641.501
wf0228,S13,653.231
wf0229,S1,600.593
wf0229,S2,632.287
wf0229,S3,634.479
wf0229,S4,633.516
wf0229,S5,631.012
wf0229,S6,658.691
wf0229,S7,648.45
wf0229,S8,627.886
wf0229,S9,650.971
wf0229,S10,626.394
wf0229,S11,590.116
wf0229,S12,621.859
wf0229,S13,630.619
wf0230,S1,628.762
wf0230,S2,649.456
wf0230,S3,635.845
wf0230,S4,638.574
wf0230,S5,616.438
wf0230,S6,633.508
wf0230,S7,652.794
wf0230,S8,625.487
wf0230,S9,625.31
wf0230,S10,634.508
wf0230,S11,605.71
wf0230,S12,639.889
wf0230,S13,625.705
wf0231,S1,633.637
wf0231,S2,638.041
wf0231,S3,636.911
wf0231,S4,635.924
wf0231,S5,630.992
wf0231,S6,618.048
wf0231,S7,647.135
wf0231,S8,648.629
wf0231,S9,634.216
wf0231,S10,629.885
wf0231,S11,678.447
wf0231,S12,626.208
wf0231,S13,626.046
wf0232,S1,611.426
wf0232,S2,641.533
wf0232,S3,613.051
wf0232,S4,620.95
wf0232,S5,611.253
wf0232,S6,641.593
wf0232,S7,630.363
wf0232,S8,595.584
wf0232,S9,628.912
wf0232,S10,633.629
wf0232,S11,603.18
wf0232,S12,643.947
wf0232,S13,618.884
wf0233,S1,610.527
wf0233,S2,630.761
wf0233,S3,652.642
wf0233,S4,654.257
wf0233,S5,633.367
wf0233,S6,675.884
wf0233,S7,631.454
wf0233,S8,647.701
wf0233,S9,652.031
wf0233,S10,641.87
wf0233,S11,651.706
wf0233,S12,652.681
wf0233,S13,661.792
wf0234,S1,651.351
wf0234,S2,643.11
wf0234,S3,643.654
wf0234,S4,612.283
wf0234,S5,629.792
wf0234,S6,635.372
wf0234,S7,608.464
wf0234,S8,659.536
wf0234,S9,627.096
wf0234,S10,643.31
wf0234,S11,625.894
wf0234,S12,605.412
wf0234,S13,609.285
wf0235,S1,631.782
wf0235,S2,644.217
wf0235,S3,629.938
wf0235,S4,645.707
wf0235,S5,641.922
wf0235,S6,645.87
wf0235,S7,647.062
wf0235,S8,653.219
wf0235,S9,660.018
wf0235,S10,648.474
wf0235,S11,641.605
wf0235,S12,622.714
wf0235,S13,645.287
wf0236,S1,651.02
wf0236,S2,608.201
wf0236,S3,630.067
wf0236,S4,605.779
wf0236,S5,610.67
wf0236,S6,646.941
wf0236,S7,628.317
wf0236,S8,636.253
wf0236,S9,658.034
wf0236,S10,643.309
wf0236,S11,652.593
wf0236,S12,617.947
wf0236,S13,633.213
wf0237,S1,628.531
wf0237,S2,600.114
wf0237,S3,636.943
wf0237,S4,642.137
wf0237,S5,632.153
wf0237,S6,614.933
wf0237,S7,636.096
wf0237,S8,623.975
wf0237,S9,648.296
wf0237,S10,655.402
wf0237,S11,665.775
wf0237,S12,604.377
wf0237,S13,607.354
wf0238,S1,634.745
wf0238,S2,636.008
wf0238,S3,624.373
wf0238,S4,669.956
wf0238,S5,651.975
wf0238,S6,611.043
wf0238,S7,659.531
wf0238,S8,654.441
wf0238,S9,650.925
wf0238,S10,620.233
wf0238,S11,647.468
wf0238,S12,663.144
wf0238,S13,629.283
wf0239,S1,652.397
wf0239,S2,625.341
wf0239,S3,645.015
wf0239,S4,606.567
wf0239,S5,632.629
wf0239,S6,628.837
wf0239,S7,609.884
wf0239,S8,613.902
wf0239,S9,605.108
wf0239,S10,624.778
wf0239,S11,634.238
wf0239,S12,638.453
wf0239,S13,628.193
wf0240,S1,648.956
wf0240,S2,637.581
wf0240,S3,646.261
wf0240,S4,659.685
wf0240,S5,658.45
wf0240,S6,661.0
wf0240,S7,659.03
wf0240,S8,664.937
wf0240,S9,628.068
wf0240,S10,645.42
wf0240,S11,687.276
wf0240,S12,648.987
wf0240,S13,671.905
wf0241,S1,649.707
wf0241,S2,643.937
wf0241,S3,737.207
wf0241,S4,694.793
wf0241,S5,665.971
wf0241,S6,627.613
wf0241,S7,615.665
wf0241,S8,645.275
wf0241,S9,702.012
wf0241,S10,647.634
wf0241,S11,635.107
wf0241,S12,656.298
wf0241,S13,677.079
wf0242,S1,622.851
wf0242,S2,648.261
wf0242,S3,655.319
wf0242,S4,635.74
wf0242,S5,629.842
wf0242,S6,616.803
wf0242,S7,622.683
wf0242,S8,611.005
wf0242,S9,634.618
wf0242,S10,639.878
wf0242,S11,611.708
wf0242,S12,644.754
wf0242,S13,626.524
wf0243,S1,677.839
wf0243,S2,673.482
wf0243,S3,647.113
wf0243,S4,653.904
wf0243,S5,681.625
wf0243,S6,650.463
wf0243,S7,647.952
wf0243,S8,644.837
wf0243,S9,657.891
wf0243,S10,657.489
wf0243,S11,663.924
wf0243,S12,674.586
wf0243,S13,658.161
wf0244,S1,639.915
wf0244,S2,654.616
wf0244,S3,630.586
wf0244,S4,641.836
wf0244,S5,655.047
wf0244,S6,621.504
wf0244,S7,650.996
wf0244,S8,641.098
wf0244,S9,625.098
wf0244,S10,616.85
wf0244,S11,646.641
wf0244,S12,628.139
wf0244,S13,632.148
wf0245,S1,660.406
wf0245,S2,650.35
wf0245,S3,630.235
wf0245,S4,605.376
wf0245,S5,660.947
wf0245,S6,612.443
wf0245,S7,633.861
wf0245,S8,649.932
wf0245,S9,644.806
wf0245,S10,634.596
wf0245,S11,634.619
wf0245,S12,621.177
wf0245,S13,619.861
wf0246,S1,642.591
wf0246,S2,676.013
wf0246,S3,669.959
wf0246,S4,627.856
wf0246,S5,718.699
wf0246,S6,680.313
wf0246,S7,695.042
wf0246,S8,698.235
wf0246,S9,697.471
wf0246,S10,660.986
wf0246,S11,669.731
wf0246,S12,705.387
wf0246,S13,679.041
wf0247,S1,677.371
wf0247,S2,667.283
wf0247,S3,669.099
wf0247,S4,699.027
wf0247,S5,686.678
wf0247,S6,682.315
wf0247,S7,640.528
wf0247,S8,670.778
wf0247,S9,675.521
wf0247,S10,664.606
wf0247,S11,646.351
wf0247,S12,669.004
wf0247,S13,652.242
wf0248,S1,638.381
wf0248,S2,635.077
wf0248,S3,630.209
wf0248,S4,659.932
wf0248,S5,645.463
wf0248,S6,692.798
wf0248,S7,659.238
wf0248,S8,665.409
wf0248,S9,678.37
wf0248,S10,637.066
wf0248,S11,673.06
wf0248,S12,677.166
wf0248,S13,661.302
wf0249,S1,638.443
wf0249,S2,643.806
wf0249,S3,672.358
wf0249,S4,624.687
wf0249,S5,638.048
wf0249,S6,620.318
wf0249,S7,643.558
wf0249,S8,640.633
wf0249,S9,622.63
wf0249,S10,628.951
wf0249,S11,648.971
wf0249,S12,638.356
wf0249,S13,654.481
wf0250,S1,628.221
wf0250,S2,638.404
wf0250,S3,627.452
wf0250,S4,632.931
wf0250,S5,607.496
wf0250,S6,645.664
wf0250,S7,637.136
wf0250,S8,651.421
wf0250,S9,619.094
wf0250,S10,608.722
wf0250,S11,662.684
wf0250,S12,614.816
wf0250,S13,636.645
wf0251,S1,636.098
wf0251,S2,637.109
wf0251,S3,606.14
wf0251,S4,647.516
wf0251,S5,649.125
wf0251,S6,636.324
wf0251,S7,617.641
wf0251,S8,664.495
wf0251,S9,632.978
wf0251,S10,644.793
wf0251,S11,643.933
wf0251,S12,653.796
wf0251,S13,645.981
wf0252,S1,610.735
wf0252,S2,633.222
wf0252,S3,651.721
wf0252,S4,661.245
wf0252,S5,636.957
wf0252,S6,652.978
wf0252,S7,644.065
wf0252,S8,667.282
wf0252,S9,655.623
wf0252,S10,649.333
wf0252,S11,657.223
wf0252,S12,641.191
wf0252,S13,650.159
wf0253,S1,659.086
wf0253,S2,667.211
wf0253,S3,662.659
wf0253,S4,663.277
wf0253,S5,682.938
wf0253,S6,656.585
wf0253,S7,678.754
wf0253,S8,641.835
wf0253,S9,692.4
wf0253,S10,647.313
wf0253,S11,667.535
wf0253,S12,663.286
wf0253,S13,675.666
wf0254,S1,648.871
wf0254,S2,625.76
wf0254,S3,668.236
wf0254,S4,659.156
wf0254,S5,660.23
wf0254,S6,679.073
wf0254,S7,649.602
wf0254,S8,669.582
wf0254,S9,663.003
wf0254,S10,630.053
wf0254,S11,674.284
wf0254,S12,670.33
wf0254,S13,681.966
wf0255,S1,594.52
wf0255,S2,639.887
wf0255,S3,617.461
wf0255,S4,637.6
wf0255,S5,604.616
wf0255,S6,637.003
wf0255,S7,636.029
wf0255,S8,618.73
wf0255,S9,625.822
wf0255,S10,612.584
wf0255,S11,608.122
wf0255,S12,652.26
wf0255,S13,615.107
wf0256,S1,625.97
wf0256,S2,640.035
wf0256,S3,597.962
wf0256,S4,638.555
wf0256,S5,609.044
wf0256,S6,618.974
wf0256,S7,615.936
wf0256,S8,647.6
wf0256,S9,656.826
wf0256,S10,630.023
wf0256,S11,585.394
wf0256,S12,651.761
wf0256,S13,630.286
wf0257,S1,647.267
wf0257,S2,645.5
wf0257,S3,653.588
wf0257,S4,633.313
wf0257,S5,655.148
wf0257,S6,621.965
wf0257,S7,615.949
wf0257,S8,632.493
wf0257,S9,629.642
wf0257,S10,650.945
wf0257,S11,594.082
wf0257,S12,638.362
wf0257,S13,601.208
wf0258,S1,628.905
wf0258,S2,637.818
wf0258,S3,644.305
wf0258,S4,637.937
wf0258,S5,656.444
wf0258,S6,653.523
wf0258,S7,631.58
wf0258,S8,632.716
wf0258,S9,663.563
wf0258,S10,633.979
wf0258,S11,663.965
wf0258,S12,666.589
wf0258,S13,620.441
wf0259,S1,692.007
wf0259,S2,682.091
wf0259,S3,673.395
wf0259,S4,692.606
wf0259,S5,671.614
wf0259,S6,664.524
wf0259,S7,671.406
wf0259,S8,692.508
wf0259,S9,679.4
wf0259,S10,662.887
wf0259,S11,657.931
wf0259,S12,606.476
wf0259,S13,685.199
wf0260,S1,626.163
wf0260,S2,598.329
wf0260,S3,611.599
wf0260,S4,594.293
wf0260,S5,610.076
wf0260,S6,624.731
wf0260,S7,612.781
wf0260,S8,636.08
wf0260,S9,604.625
wf0260,S10,636.256
wf0260,S11,608.831
wf0260,S12,632.702
wf0260,S13,641.008
wf0261,S1,611.76
wf0261,S2,660.411
wf0261,S3,642.458
wf0261,S4,637.349
wf0261,S5,626.952
wf0261,S6,605.309
wf0261,S7,626.182
wf0261,S8,608.909
wf0261,S9,622.629
wf0261,S10,629.413
wf0261,S11,608.336
wf0261,S12,600.422
wf0261,S13,598.015
