replicate,design,method,condition_number,n_components,distance
0,ccd,pls,3.590690643133159,6.0,0.07708822073591755
0,ccd,ols,3.590690643133159,,0.0770882207359236
0,correlated,pls,284.3086724044824,5.0,1.1670587504127732
0,correlated,ols,284.3086724044824,,1.6256040587504474
1,ccd,pls,3.590690643133159,5.0,0.07676864493017116
1,ccd,ols,3.590690643133159,,0.07676864493016892
1,correlated,pls,749.5846105989895,5.0,0.5080721405858921
1,correlated,ols,749.5846105989895,,1.1349387162159779
2,ccd,pls,3.590690643133159,4.0,0.08430876230789246
2,ccd,ols,3.590690643133159,,0.0843087623078907
2,correlated,pls,219.06158297445222,8.0,0.5383245919380911
2,correlated,ols,219.06158297445222,,0.5591346760464958
3,ccd,pls,3.590690643133159,5.0,0.10380821160032491
3,ccd,ols,3.590690643133159,,0.1038082116003248
3,correlated,pls,342.83203763452957,4.0,2.1475180205213733
3,correlated,ols,342.83203763452957,,7.820146642888093
4,ccd,pls,3.590690643133159,5.0,0.06841274137029532
4,ccd,ols,3.590690643133159,,0.06841274137029464
4,correlated,pls,294.66944449844175,4.0,0.7110320502538913
4,correlated,ols,294.66944449844175,,1.9809582269398716
5,ccd,pls,3.590690643133159,6.0,0.1306854253324649
5,ccd,ols,3.590690643133159,,0.13068542533246724
5,correlated,pls,258.53032026687123,6.0,0.5104962192816586
5,correlated,ols,258.53032026687123,,1.231719100885628
6,ccd,pls,3.590690643133159,4.0,0.05355003819817467
6,ccd,ols,3.590690643133159,,0.05355003819817709
6,correlated,pls,202.95660678695268,7.0,1.118313032482477
6,correlated,ols,202.95660678695268,,1.081678670101141
7,ccd,pls,3.590690643133159,7.0,0.10799373972901502
7,ccd,ols,3.590690643133159,,0.10799373972903
7,correlated,pls,309.2056514637651,6.0,0.4193080371135156
7,correlated,ols,309.2056514637651,,1.0120063338753755
8,ccd,pls,3.590690643133159,9.0,0.07262140159755674
8,ccd,ols,3.590690643133159,,0.07262140167463346
8,correlated,pls,439.47676776004323,3.0,0.44185710816403045
8,correlated,ols,439.47676776004323,,5.025245345518235
9,ccd,pls,3.590690643133159,6.0,0.1269020322213465
9,ccd,ols,3.590690643133159,,0.12690203222134344
9,correlated,pls,343.92906561644537,7.0,0.5673262275320919
9,correlated,ols,343.92906561644537,,1.8165602240700969
10,ccd,pls,3.590690643133159,4.0,0.13425939943787266
10,ccd,ols,3.590690643133159,,0.1342593994378827
10,correlated,pls,371.01026042954237,5.0,12.211618097896062
10,correlated,ols,371.01026042954237,,1.8805189866482936
11,ccd,pls,3.590690643133159,5.0,0.11440125261217654
11,ccd,ols,3.590690643133159,,0.11440125261218112
11,correlated,pls,191.07999958110562,5.0,1.5563928986403472
11,correlated,ols,191.07999958110562,,1.6009783858522564
12,ccd,pls,3.590690643133159,5.0,0.14972732054077476
12,ccd,ols,3.590690643133159,,0.14972732054076113
12,correlated,pls,456.44993288938696,6.0,5.731570616641355
12,correlated,ols,456.44993288938696,,9.687995518664492
13,ccd,pls,3.590690643133159,6.0,0.3041335703033043
13,ccd,ols,3.590690643133159,,0.30413357030329036
13,correlated,pls,342.36076030789974,4.0,0.7435920031210811
13,correlated,ols,342.36076030789974,,1.386283477403455
14,ccd,pls,3.590690643133159,8.0,0.12015727289636359
14,ccd,ols,3.590690643133159,,0.12015727289636328
14,correlated,pls,597.4077941266064,5.0,1.0110215578488932
14,correlated,ols,597.4077941266064,,1.0961451143084802
15,ccd,pls,3.590690643133159,6.0,0.15869086382416117
15,ccd,ols,3.590690643133159,,0.158690863824159
15,correlated,pls,244.9252461962035,7.0,0.6347775766777839
15,correlated,ols,244.9252461962035,,0.6619320644784936
16,ccd,pls,3.590690643133159,4.0,0.09763639335063064
16,ccd,ols,3.590690643133159,,0.097636393350631
16,correlated,pls,1808.120212798799,2.0,1.376925174945918
16,correlated,ols,1808.120212798799,,1.3198590330251279
17,ccd,pls,3.590690643133159,5.0,0.34458173178205664
17,ccd,ols,3.590690643133159,,0.34458173178206086
17,correlated,pls,415.1495078453562,3.0,1.0010651989235295
17,correlated,ols,415.1495078453562,,1.7246745972255704
18,ccd,pls,3.590690643133159,4.0,0.0951662243108894
18,ccd,ols,3.590690643133159,,0.09516622431088691
18,correlated,pls,306.1086903568347,7.0,1.3431186588471793
18,correlated,ols,306.1086903568347,,0.9113587496537893
19,ccd,pls,3.590690643133159,4.0,0.19237704776530093
19,ccd,ols,3.590690643133159,,0.19237704776529527
19,correlated,pls,580.9802013421724,8.0,1.874868707174854
19,correlated,ols,580.9802013421724,,1.6919470747268313
20,ccd,pls,3.590690643133159,7.0,0.03236470187044143
20,ccd,ols,3.590690643133159,,0.03236470187044596
20,correlated,pls,267.46108929717036,2.0,1.4249275008424915
20,correlated,ols,267.46108929717036,,1.4133983922296807
21,ccd,pls,3.590690643133159,4.0,0.05491785416582172
21,ccd,ols,3.590690643133159,,0.05491785416581267
21,correlated,pls,465.81463356152017,4.0,1.3337018749128435
21,correlated,ols,465.81463356152017,,1.1900472635632773
22,ccd,pls,3.590690643133159,9.0,0.057032727910230445
22,ccd,ols,3.590690643133159,,0.05703272790930768
22,correlated,pls,246.0853285679331,4.0,1.1655902821444766
22,correlated,ols,246.0853285679331,,0.7138005263111223
23,ccd,pls,3.590690643133159,8.0,0.2550121319164017
23,ccd,ols,3.590690643133159,,0.2550121319162772
23,correlated,pls,350.5396983919236,3.0,0.7486258996243803
23,correlated,ols,350.5396983919236,,0.49502724679109594
24,ccd,pls,3.590690643133159,5.0,0.09146808995955347
24,ccd,ols,3.590690643133159,,0.09146808995955612
24,correlated,pls,198.72929260945023,8.0,1.1381184242405222
24,correlated,ols,198.72929260945023,,1.229848924501766
25,ccd,pls,3.590690643133159,5.0,0.07955149383494159
25,ccd,ols,3.590690643133159,,0.0795514938349451
25,correlated,pls,148.3764669048397,4.0,5.422622022201278
25,correlated,ols,148.3764669048397,,1.7100592639918653
26,ccd,pls,3.590690643133159,5.0,0.10635585654057574
26,ccd,ols,3.590690643133159,,0.10635585654056491
26,correlated,pls,407.5493478426832,4.0,12.56682129680849
26,correlated,ols,407.5493478426832,,1.6054294001762663
27,ccd,pls,3.590690643133159,5.0,0.22554568462140404
27,ccd,ols,3.590690643133159,,0.2255456846214051
27,correlated,pls,250.7196502228199,3.0,0.8857744368189372
27,correlated,ols,250.7196502228199,,0.8754231162671402
28,ccd,pls,3.590690643133159,6.0,0.09460089994919278
28,ccd,ols,3.590690643133159,,0.09460089994918562
28,correlated,pls,195.529459919785,9.0,1.6109640930896019
28,correlated,ols,195.529459919785,,1.61096409309032
29,ccd,pls,3.590690643133159,5.0,0.09567957985846788
29,ccd,ols,3.590690643133159,,0.09567957985845787
29,correlated,pls,301.3649204310027,7.0,23.16319560462843
29,correlated,ols,301.3649204310027,,2.644503683999627
30,ccd,pls,3.590690643133159,5.0,0.1480103441392956
30,ccd,ols,3.590690643133159,,0.14801034413930142
30,correlated,pls,444.35414233689505,5.0,0.43303579256338476
30,correlated,ols,444.35414233689505,,1.4632899610829457
31,ccd,pls,3.590690643133159,9.0,0.10508009344691396
31,ccd,ols,3.590690643133159,,0.10508009344690626
31,correlated,pls,434.2103839332152,5.0,1.1771645491816871
31,correlated,ols,434.2103839332152,,0.8366560749953971
32,ccd,pls,3.590690643133159,5.0,0.14949646387950302
32,ccd,ols,3.590690643133159,,0.1494964638795045
32,correlated,pls,407.02420965684263,7.0,10.101036046225182
32,correlated,ols,407.02420965684263,,3.115579282866723
33,ccd,pls,3.590690643133159,6.0,0.12986821217304423
33,ccd,ols,3.590690643133159,,0.1298682121730503
33,correlated,pls,441.68480737812564,6.0,1.1940629291378413
33,correlated,ols,441.68480737812564,,1.2264135256963415
34,ccd,pls,3.590690643133159,5.0,0.1406631703445432
34,ccd,ols,3.590690643133159,,0.14066317034455547
34,correlated,pls,218.3352329837648,4.0,0.407319750888217
34,correlated,ols,218.3352329837648,,0.9854526046976317
35,ccd,pls,3.590690643133159,7.0,0.05101578315556678
35,ccd,ols,3.590690643133159,,0.05101578315555973
35,correlated,pls,234.76680329739224,5.0,1.0805733383751857
35,correlated,ols,234.76680329739224,,0.5214599738004542
36,ccd,pls,3.590690643133159,7.0,0.02582350064997778
36,ccd,ols,3.590690643133159,,0.025823500649974834
36,correlated,pls,498.99599596927743,7.0,0.8419675913548843
36,correlated,ols,498.99599596927743,,1.2668663148799804
37,ccd,pls,3.590690643133159,6.0,0.09071240041695841
37,ccd,ols,3.590690643133159,,0.09071240041694931
37,correlated,pls,215.7975097781252,9.0,0.8466308040032715
37,correlated,ols,215.7975097781252,,0.8466308040026176
38,ccd,pls,3.590690643133159,5.0,0.023850939889027666
38,ccd,ols,3.590690643133159,,0.023850939889017077
38,correlated,pls,326.08170728347,5.0,2.87770965054988
38,correlated,ols,326.08170728347,,1.5366331759778389
39,ccd,pls,3.590690643133159,6.0,0.14049643188692026
39,ccd,ols,3.590690643133159,,0.1404964318869216
39,correlated,pls,240.66115707274426,4.0,0.9452647985506611
39,correlated,ols,240.66115707274426,,0.554028276011888
40,ccd,pls,3.590690643133159,8.0,0.1962596132604772
40,ccd,ols,3.590690643133159,,0.19625961326048674
40,correlated,pls,298.6509320317534,6.0,1.5441595234769412
40,correlated,ols,298.6509320317534,,6.661942255655786
41,ccd,pls,3.590690643133159,6.0,0.19056073160695522
41,ccd,ols,3.590690643133159,,0.1905607316069695
41,correlated,pls,230.73037901451133,5.0,0.7275675957980764
41,correlated,ols,230.73037901451133,,2.1094711271641238
42,ccd,pls,3.590690643133159,3.0,0.09566116362161264
42,ccd,ols,3.590690643133159,,0.09566116362162885
42,correlated,pls,733.0471776620689,6.0,14.014720259174158
42,correlated,ols,733.0471776620689,,2.033262169558769
43,ccd,pls,3.590690643133159,7.0,0.07542872173179088
43,ccd,ols,3.590690643133159,,0.07542872173181123
43,correlated,pls,483.69605588700756,5.0,2.4183137622379833
43,correlated,ols,483.69605588700756,,1.623428632041899
44,ccd,pls,3.590690643133159,9.0,0.2960218312482099
44,ccd,ols,3.590690643133159,,0.29602183126672826
44,correlated,pls,222.52881297668335,2.0,1.344606194722303
44,correlated,ols,222.52881297668335,,1.6042197249679297
45,ccd,pls,3.590690643133159,5.0,0.05245155997102946
45,ccd,ols,3.590690643133159,,0.05245155997101442
45,correlated,pls,83.49394225903981,6.0,1.0350358955765186
45,correlated,ols,83.49394225903981,,6.848160283438579
46,ccd,pls,3.590690643133159,5.0,0.05215768845746645
46,ccd,ols,3.590690643133159,,0.0521576884574632
46,correlated,pls,228.67448371906477,5.0,1.616168364755191
46,correlated,ols,228.67448371906477,,1.2161695887954946
47,ccd,pls,3.590690643133159,6.0,0.05495108469600061
47,ccd,ols,3.590690643133159,,0.054951084696002975
47,correlated,pls,233.92142543765482,5.0,2.8595726993927304
47,correlated,ols,233.92142543765482,,2.0793035638376547
48,ccd,pls,3.590690643133159,7.0,0.20132285016056004
48,ccd,ols,3.590690643133159,,0.20132285016057228
48,correlated,pls,220.11731214742338,2.0,1.3740160615470691
48,correlated,ols,220.11731214742338,,1.968480026783675
49,ccd,pls,3.590690643133159,5.0,0.1956867976156585
49,ccd,ols,3.590690643133159,,0.19568679761566346
49,correlated,pls,537.261894304625,2.0,1.2481542367739646
49,correlated,ols,537.261894304625,,5.66279261856561
50,ccd,pls,3.590690643133159,6.0,0.17817260433122534
50,ccd,ols,3.590690643133159,,0.17817260433124493
50,correlated,pls,523.5810393360654,6.0,1.0644937328708446
50,correlated,ols,523.5810393360654,,1.0884888042927103
51,ccd,pls,3.590690643133159,5.0,0.10759988888446381
51,ccd,ols,3.590690643133159,,0.10759988888447838
51,correlated,pls,338.63073638997344,3.0,0.8702952234918021
51,correlated,ols,338.63073638997344,,1.1458757982290524
52,ccd,pls,3.590690643133159,6.0,0.3042117176274456
52,ccd,ols,3.590690643133159,,0.3042117176274537
52,correlated,pls,336.0713428029783,6.0,3.7823254388044965
52,correlated,ols,336.0713428029783,,1.5109794347288912
53,ccd,pls,3.590690643133159,6.0,0.012539371003785039
53,ccd,ols,3.590690643133159,,0.012539371003798235
53,correlated,pls,276.08486366224383,2.0,1.3620462950222967
53,correlated,ols,276.08486366224383,,0.7471430626919852
54,ccd,pls,3.590690643133159,6.0,0.3379408973230454
54,ccd,ols,3.590690643133159,,0.33794089732303134
54,correlated,pls,207.71896117615805,5.0,0.8945925015899543
54,correlated,ols,207.71896117615805,,0.8081812422854031
55,ccd,pls,3.590690643133159,5.0,0.26826267487987626
55,ccd,ols,3.590690643133159,,0.2682626748798855
55,correlated,pls,161.04603437984665,9.0,0.9808779108830055
55,correlated,ols,161.04603437984665,,0.9808779108848442
56,ccd,pls,3.590690643133159,4.0,0.07779094297648308
56,ccd,ols,3.590690643133159,,0.07779094297648699
56,correlated,pls,311.39229126745477,7.0,0.8587923513138763
56,correlated,ols,311.39229126745477,,0.8895690812332152
57,ccd,pls,3.590690643133159,4.0,0.12738898555038353
57,ccd,ols,3.590690643133159,,0.12738898555039666
57,correlated,pls,354.65910872334257,4.0,2.048659356328565
57,correlated,ols,354.65910872334257,,1.1858159468715508
58,ccd,pls,3.590690643133159,5.0,0.04452584534481151
58,ccd,ols,3.590690643133159,,0.04452584534482265
58,correlated,pls,270.0858557295796,2.0,1.301520949708818
58,correlated,ols,270.0858557295796,,1.8927128926193055
59,ccd,pls,3.590690643133159,4.0,0.05380213955132649
59,ccd,ols,3.590690643133159,,0.0538021395513353
59,correlated,pls,471.19294929217233,3.0,1.135115258065695
59,correlated,ols,471.19294929217233,,1.2485778953522173
60,ccd,pls,3.590690643133159,9.0,0.06819981920733204
60,ccd,ols,3.590690643133159,,0.06819981920110943
60,correlated,pls,240.19300640437837,5.0,0.4941168125437479
60,correlated,ols,240.19300640437837,,2.0108205094809057
61,ccd,pls,3.590690643133159,5.0,0.1287189363202036
61,ccd,ols,3.590690643133159,,0.12871893632019524
61,correlated,pls,270.7780858128787,7.0,1.9590203555927588
61,correlated,ols,270.7780858128787,,2.1307113809685094
62,ccd,pls,3.590690643133159,4.0,0.1417076633546932
62,ccd,ols,3.590690643133159,,0.1417076633546934
62,correlated,pls,417.7365722990631,4.0,1.4145664591399034
62,correlated,ols,417.7365722990631,,1.6385060792886863
63,ccd,pls,3.590690643133159,5.0,0.1425701019547551
63,ccd,ols,3.590690643133159,,0.14257010195475428
63,correlated,pls,145.74440438893058,7.0,4.0807272095499245
63,correlated,ols,145.74440438893058,,1.9807195569657223
64,ccd,pls,3.590690643133159,6.0,0.3262762261945462
64,ccd,ols,3.590690643133159,,0.3262762261945269
64,correlated,pls,738.8738844803345,5.0,0.19202189585084986
64,correlated,ols,738.8738844803345,,1.077186397419249
65,ccd,pls,3.590690643133159,9.0,0.06935238669424834
65,ccd,ols,3.590690643133159,,0.06935238669193135
65,correlated,pls,277.56305503021736,3.0,1.0526502132053486
65,correlated,ols,277.56305503021736,,1.6362404746814248
66,ccd,pls,3.590690643133159,9.0,0.09571846561329533
66,ccd,ols,3.590690643133159,,0.0957184656134402
66,correlated,pls,613.4577321740514,3.0,0.8068811372475496
66,correlated,ols,613.4577321740514,,1.1820751018434112
67,ccd,pls,3.590690643133159,5.0,0.14783547526949187
67,ccd,ols,3.590690643133159,,0.1478354752694987
67,correlated,pls,251.21726208754433,4.0,4.281996714059995
67,correlated,ols,251.21726208754433,,0.9546204758417105
68,ccd,pls,3.590690643133159,4.0,0.07678915013974312
68,ccd,ols,3.590690643133159,,0.07678915013974046
68,correlated,pls,525.8994652884836,8.0,1.160398840064108
68,correlated,ols,525.8994652884836,,1.1868030303992667
69,ccd,pls,3.590690643133159,4.0,0.06190624771404489
69,ccd,ols,3.590690643133159,,0.06190624771402809
69,correlated,pls,549.7932335925683,9.0,1.4402135070509894
69,correlated,ols,549.7932335925683,,1.4402135070492568
70,ccd,pls,3.590690643133159,6.0,0.13884636914712548
70,ccd,ols,3.590690643133159,,0.13884636914713472
70,correlated,pls,146.4743188689981,6.0,2.7746603044965656
70,correlated,ols,146.4743188689981,,1.5496281107920498
71,ccd,pls,3.590690643133159,6.0,0.10576781455690236
71,ccd,ols,3.590690643133159,,0.1057678145568897
71,correlated,pls,659.0731545883592,3.0,0.7704727848926318
71,correlated,ols,659.0731545883592,,0.5576326217947561
72,ccd,pls,3.590690643133159,6.0,0.07426866330967803
72,ccd,ols,3.590690643133159,,0.0742686633096817
72,correlated,pls,440.60176637503884,5.0,0.7901056771857946
72,correlated,ols,440.60176637503884,,1.7259959450232107
73,ccd,pls,3.590690643133159,9.0,0.1569538433961527
73,ccd,ols,3.590690643133159,,0.1569538433954433
73,correlated,pls,596.0423821613535,4.0,1.4510994374480641
73,correlated,ols,596.0423821613535,,1.6575114750377342
74,ccd,pls,3.590690643133159,8.0,0.0628748594607905
74,ccd,ols,3.590690643133159,,0.06287485946078634
74,correlated,pls,550.7539919318855,6.0,3.318965315209447
74,correlated,ols,550.7539919318855,,1.6032595415999216
75,ccd,pls,3.590690643133159,8.0,0.07725377006018802
75,ccd,ols,3.590690643133159,,0.07725377006019357
75,correlated,pls,135.30562088878895,8.0,1.6491314297030881
75,correlated,ols,135.30562088878895,,0.9904301087045388
76,ccd,pls,3.590690643133159,5.0,0.13004926726872454
76,ccd,ols,3.590690643133159,,0.1300492672687249
76,correlated,pls,190.5681371313789,5.0,0.6592148061180014
76,correlated,ols,190.5681371313789,,1.545657777772088
77,ccd,pls,3.590690643133159,5.0,0.15094252791474694
77,ccd,ols,3.590690643133159,,0.1509425279147488
77,correlated,pls,477.29833040046077,2.0,1.2430425230673774
77,correlated,ols,477.29833040046077,,1.548746405309392
78,ccd,pls,3.590690643133159,9.0,0.021198884472548987
78,ccd,ols,3.590690643133159,,0.021198884513053597
78,correlated,pls,254.44595437742362,6.0,1.8529169902491718
78,correlated,ols,254.44595437742362,,0.7512368216111358
79,ccd,pls,3.590690643133159,6.0,0.11744505323129623
79,ccd,ols,3.590690643133159,,0.1174450532312921
79,correlated,pls,118.8898972366387,7.0,2.942688604131327
79,correlated,ols,118.8898972366387,,2.643192714968784
80,ccd,pls,3.590690643133159,7.0,0.16810400693980815
80,ccd,ols,3.590690643133159,,0.16810400693981975
80,correlated,pls,300.77713893709205,2.0,1.2960451198654523
80,correlated,ols,300.77713893709205,,4.071535474879586
81,ccd,pls,3.590690643133159,5.0,0.13631140076864096
81,ccd,ols,3.590690643133159,,0.1363114007686483
81,correlated,pls,130.34374029487782,4.0,3.610942313385374
81,correlated,ols,130.34374029487782,,1.6619292618607828
82,ccd,pls,3.590690643133159,4.0,0.19157272539054304
82,ccd,ols,3.590690643133159,,0.19157272539050052
82,correlated,pls,369.5328662518328,5.0,0.4747060354144482
82,correlated,ols,369.5328662518328,,1.346469439399571
83,ccd,pls,3.590690643133159,6.0,0.07325602103688535
83,ccd,ols,3.590690643133159,,0.07325602103688386
83,correlated,pls,185.46948694902963,6.0,0.745523068673607
83,correlated,ols,185.46948694902963,,2.501119584430335
84,ccd,pls,3.590690643133159,5.0,0.0690224486640364
84,ccd,ols,3.590690643133159,,0.06902244866401715
84,correlated,pls,299.3804191797528,8.0,1.565155336141396
84,correlated,ols,299.3804191797528,,1.562105188805612
85,ccd,pls,3.590690643133159,6.0,0.13136240798115284
85,ccd,ols,3.590690643133159,,0.13136240798115326
85,correlated,pls,718.5342093922131,8.0,1.2287800865613363
85,correlated,ols,718.5342093922131,,0.7156002209987018
86,ccd,pls,3.590690643133159,4.0,0.047923288733614115
86,ccd,ols,3.590690643133159,,0.04792328873361587
86,correlated,pls,264.2205730232705,6.0,2.6268207822677843
86,correlated,ols,264.2205730232705,,2.4297112040045064
87,ccd,pls,3.590690643133159,8.0,0.08951251785159033
87,ccd,ols,3.590690643133159,,0.08951251785158257
87,correlated,pls,200.75156002622043,7.0,6.9160076490745785
87,correlated,ols,200.75156002622043,,0.16677558598384998
88,ccd,pls,3.590690643133159,5.0,0.2578722492805051
88,ccd,ols,3.590690643133159,,0.2578722492804908
88,correlated,pls,261.12194394787076,7.0,0.31067198359764775
88,correlated,ols,261.12194394787076,,2.101286542544989
89,ccd,pls,3.590690643133159,6.0,0.08499047197249725
89,ccd,ols,3.590690643133159,,0.0849904719724842
89,correlated,pls,532.993011668056,7.0,2.2228957978129222
89,correlated,ols,532.993011668056,,4.0580705700940225
90,ccd,pls,3.590690643133159,5.0,0.07519301750758096
90,ccd,ols,3.590690643133159,,0.0751930175075814
90,correlated,pls,1338.8377431608367,2.0,1.378740297055013
90,correlated,ols,1338.8377431608367,,1.345681756948979
91,ccd,pls,3.590690643133159,6.0,0.05818046379464701
91,ccd,ols,3.590690643133159,,0.05818046379464386
91,correlated,pls,285.4878473817795,5.0,1.462459697915466
91,correlated,ols,285.4878473817795,,30.913863337115746
92,ccd,pls,3.590690643133159,6.0,0.02911579489400378
92,ccd,ols,3.590690643133159,,0.029115794894004496
92,correlated,pls,670.2422503760106,4.0,10.567537214278547
92,correlated,ols,670.2422503760106,,1.2791466365784632
93,ccd,pls,3.590690643133159,5.0,0.19387460536989007
93,ccd,ols,3.590690643133159,,0.19387460536989437
93,correlated,pls,540.3689577697611,3.0,1.3926889198392858
93,correlated,ols,540.3689577697611,,1.081195912416066
94,ccd,pls,3.590690643133159,8.0,0.10547548342018412
94,ccd,ols,3.590690643133159,,0.10547548342022607
94,correlated,pls,647.3671083148453,5.0,0.6692286354366199
94,correlated,ols,647.3671083148453,,1.3443265502239934
95,ccd,pls,3.590690643133159,4.0,0.0905378184176165
95,ccd,ols,3.590690643133159,,0.09053781841763088
95,correlated,pls,986.7927943947352,6.0,2.9166072268822
95,correlated,ols,986.7927943947352,,1.5595281557482976
96,ccd,pls,3.590690643133159,6.0,0.12319131941693387
96,ccd,ols,3.590690643133159,,0.12319131941695464
96,correlated,pls,300.5066879573841,3.0,1.367639262039219
96,correlated,ols,300.5066879573841,,3.0158220381839187
97,ccd,pls,3.590690643133159,4.0,0.06680192144888725
97,ccd,ols,3.590690643133159,,0.06680192144888579
97,correlated,pls,257.0638297665336,4.0,0.3578260789779731
97,correlated,ols,257.0638297665336,,1.8287702746089805
98,ccd,pls,3.590690643133159,6.0,0.1584451773844903
98,ccd,ols,3.590690643133159,,0.15844517738450994
98,correlated,pls,657.4181364523771,3.0,0.8942899124912032
98,correlated,ols,657.4181364523771,,1.6297453635175057
99,ccd,pls,3.590690643133159,5.0,0.24261822994171678
99,ccd,ols,3.590690643133159,,0.2426182299416965
99,correlated,pls,378.3148718249128,2.0,1.2973198874551666
99,correlated,ols,378.3148718249128,,1.7415323037875494
100,ccd,pls,3.590690643133159,6.0,0.27712201202623216
100,ccd,ols,3.590690643133159,,0.27712201202623954
100,correlated,pls,287.2880178934212,5.0,0.8910368264514573
100,correlated,ols,287.2880178934212,,2.184055632495592
101,ccd,pls,3.590690643133159,5.0,0.02799193050454971
101,ccd,ols,3.590690643133159,,0.02799193050455076
101,correlated,pls,133.19767878834884,4.0,0.2513767765144242
101,correlated,ols,133.19767878834884,,1.1150946483274728
102,ccd,pls,3.590690643133159,9.0,0.15736026244544693
102,ccd,ols,3.590690643133159,,0.15736026244544646
102,correlated,pls,230.24151518721405,4.0,2.233414716428399
102,correlated,ols,230.24151518721405,,0.9257170567918926
103,ccd,pls,3.590690643133159,6.0,0.04571765110113749
103,ccd,ols,3.590690643133159,,0.0457176511011616
103,correlated,pls,579.8871765820662,5.0,0.33769557318452553
103,correlated,ols,579.8871765820662,,1.2326492728665375
104,ccd,pls,3.590690643133159,4.0,0.2678809886737459
104,ccd,ols,3.590690643133159,,0.26788098867371485
104,correlated,pls,618.3590390297235,3.0,1.8398465726660655
104,correlated,ols,618.3590390297235,,2.155336996613997
105,ccd,pls,3.590690643133159,5.0,0.08101687566103988
105,ccd,ols,3.590690643133159,,0.08101687566103932
105,correlated,pls,195.11634264311323,5.0,1.0572983574954546
105,correlated,ols,195.11634264311323,,1.7183839025878982
106,ccd,pls,3.590690643133159,4.0,0.10416875443432322
106,ccd,ols,3.590690643133159,,0.10416875443431088
106,correlated,pls,274.69369212283635,4.0,1.5701235804835976
106,correlated,ols,274.69369212283635,,2.3483032880494954
107,ccd,pls,3.590690643133159,6.0,0.16721332583666146
107,ccd,ols,3.590690643133159,,0.16721332583665288
107,correlated,pls,276.8132067238325,5.0,1.896636642059576
107,correlated,ols,276.8132067238325,,1.5225205205971197
108,ccd,pls,3.590690643133159,5.0,0.062690270717525
108,ccd,ols,3.590690643133159,,0.0626902707175314
108,correlated,pls,417.0580368869795,6.0,103.81566035570074
108,correlated,ols,417.0580368869795,,1.729887484285276
109,ccd,pls,3.590690643133159,9.0,0.06864231037726672
109,ccd,ols,3.590690643133159,,0.06864231037720707
109,correlated,pls,368.5286268628692,2.0,1.2663810007010552
109,correlated,ols,368.5286268628692,,3.1014750695451307
110,ccd,pls,3.590690643133159,8.0,0.0531745402479808
110,ccd,ols,3.590690643133159,,0.05317454024804558
110,correlated,pls,462.42531755965473,3.0,1.2705541225041073
110,correlated,ols,462.42531755965473,,1.2016041864627554
111,ccd,pls,3.590690643133159,9.0,0.08657052577120494
111,ccd,ols,3.590690643133159,,0.08657052577207325
111,correlated,pls,269.6697211481823,5.0,2.9097290628271932
111,correlated,ols,269.6697211481823,,2.051839879986228
112,ccd,pls,3.590690643133159,7.0,0.09822796713427392
112,ccd,ols,3.590690643133159,,0.09822796713426547
112,correlated,pls,386.3959931709344,6.0,1.687618789822329
112,correlated,ols,386.3959931709344,,1.5575824175088373
113,ccd,pls,3.590690643133159,6.0,0.20906309035355874
113,ccd,ols,3.590690643133159,,0.20906309035356996
113,correlated,pls,168.0927310645622,3.0,1.1785507031842677
113,correlated,ols,168.0927310645622,,0.5729420965793386
114,ccd,pls,3.590690643133159,5.0,0.04616462922912349
114,ccd,ols,3.590690643133159,,0.04616462922913329
114,correlated,pls,479.7849046515947,7.0,0.8645208932887084
114,correlated,ols,479.7849046515947,,1.3406703484608433
115,ccd,pls,3.590690643133159,6.0,0.21174387840305653
115,ccd,ols,3.590690643133159,,0.21174387840306058
115,correlated,pls,543.6891728339361,8.0,1.302047058101887
115,correlated,ols,543.6891728339361,,1.3292128193224912
116,ccd,pls,3.590690643133159,5.0,0.239292730129179
116,ccd,ols,3.590690643133159,,0.23929273012917868
116,correlated,pls,109.42681970345224,6.0,0.3615298740602691
116,correlated,ols,109.42681970345224,,0.8480649701321772
117,ccd,pls,3.590690643133159,6.0,0.08281477765646383
117,ccd,ols,3.590690643133159,,0.08281477765644597
117,correlated,pls,147.77013869548622,2.0,1.1870530559592876
117,correlated,ols,147.77013869548622,,5.410657672026253
118,ccd,pls,3.590690643133159,6.0,0.08488241411747721
118,ccd,ols,3.590690643133159,,0.08488241411747888
118,correlated,pls,276.95285004935005,5.0,1.2731145550698646
118,correlated,ols,276.95285004935005,,2.1954285966527323
119,ccd,pls,3.590690643133159,6.0,0.13030390184176507
119,ccd,ols,3.590690643133159,,0.1303039018417492
119,correlated,pls,415.2642931440824,3.0,0.6285511704539246
119,correlated,ols,415.2642931440824,,1.6279751937467746
120,ccd,pls,3.590690643133159,5.0,0.19176383772293756
120,ccd,ols,3.590690643133159,,0.19176383772291217
120,correlated,pls,880.8852885418057,4.0,1.6246229057833264
120,correlated,ols,880.8852885418057,,4.376616789026753
121,ccd,pls,3.590690643133159,5.0,0.07687980986303873
121,ccd,ols,3.590690643133159,,0.07687980986303426
121,correlated,pls,396.71963874080006,4.0,1.1876443239782397
121,correlated,ols,396.71963874080006,,0.8804152248580429
122,ccd,pls,3.590690643133159,5.0,0.07602459915604008
122,ccd,ols,3.590690643133159,,0.07602459915604233
122,correlated,pls,349.71222998867444,5.0,0.9277697897048761
122,correlated,ols,349.71222998867444,,1.5474702506566531
123,ccd,pls,3.590690643133159,8.0,0.0852401583271567
123,ccd,ols,3.590690643133159,,0.08524015832718237
123,correlated,pls,338.35211915777563,4.0,2.52088186987498
123,correlated,ols,338.35211915777563,,0.8862018689974381
124,ccd,pls,3.590690643133159,5.0,0.1166916728954966
124,ccd,ols,3.590690643133159,,0.11669167289550544
124,correlated,pls,441.9567816938373,8.0,1.5038342795980926
124,correlated,ols,441.9567816938373,,1.4977392681824757
125,ccd,pls,3.590690643133159,5.0,0.19304250292865993
125,ccd,ols,3.590690643133159,,0.19304250292866737
125,correlated,pls,405.08322038083764,6.0,18.256058531840726
125,correlated,ols,405.08322038083764,,1.599860885050606
126,ccd,pls,3.590690643133159,5.0,0.12442914456833425
126,ccd,ols,3.590690643133159,,0.12442914456833644
126,correlated,pls,281.27143065910326,8.0,1.2246242359707071
126,correlated,ols,281.27143065910326,,1.2291161216225883
127,ccd,pls,3.590690643133159,8.0,0.11964236531867196
127,ccd,ols,3.590690643133159,,0.11964236531866174
127,correlated,pls,309.00214420944,4.0,1.0106217159427175
127,correlated,ols,309.00214420944,,1.145890758080988
128,ccd,pls,3.590690643133159,6.0,0.07873371491953197
128,ccd,ols,3.590690643133159,,0.0787337149195499
128,correlated,pls,224.42664204527898,6.0,0.8667153408689299
128,correlated,ols,224.42664204527898,,2.26955517210117
129,ccd,pls,3.590690643133159,5.0,0.04136543389752871
129,ccd,ols,3.590690643133159,,0.04136543389753257
129,correlated,pls,311.4871110164515,5.0,0.960604429093249
129,correlated,ols,311.4871110164515,,0.9833431518999326
130,ccd,pls,3.590690643133159,9.0,0.26383823867886846
130,ccd,ols,3.590690643133159,,0.26383823867844314
130,correlated,pls,428.05016224034625,5.0,6.899090093071265
130,correlated,ols,428.05016224034625,,1.6848640422433403
131,ccd,pls,3.590690643133159,5.0,0.2026709687512219
131,ccd,ols,3.590690643133159,,0.20267096875121537
131,correlated,pls,183.6064345763827,6.0,2.5839376499701507
131,correlated,ols,183.6064345763827,,1.7350534188188067
132,ccd,pls,3.590690643133159,5.0,0.11888034540603742
132,ccd,ols,3.590690643133159,,0.11888034540603026
132,correlated,pls,662.70613050826,4.0,0.4978734900499602
132,correlated,ols,662.70613050826,,0.8767313564130288
133,ccd,pls,3.590690643133159,6.0,0.13812040866069583
133,ccd,ols,3.590690643133159,,0.1381204086606861
133,correlated,pls,333.7374732430465,3.0,0.6643338390687111
133,correlated,ols,333.7374732430465,,1.1144543699016711
134,ccd,pls,3.590690643133159,6.0,0.20454793421270595
134,ccd,ols,3.590690643133159,,0.20454793421271028
134,correlated,pls,797.4200602794292,3.0,0.5150247877219232
134,correlated,ols,797.4200602794292,,1.475953255863109
135,ccd,pls,3.590690643133159,4.0,0.10925162826737386
135,ccd,ols,3.590690643133159,,0.10925162826736447
135,correlated,pls,346.4156511251857,6.0,0.27189750218806125
135,correlated,ols,346.4156511251857,,2.9230269887588087
136,ccd,pls,3.590690643133159,5.0,0.06014348527215924
136,ccd,ols,3.590690643133159,,0.06014348527215602
136,correlated,pls,288.69574089318945,3.0,0.5357247661119305
136,correlated,ols,288.69574089318945,,6.599327418500945
137,ccd,pls,3.590690643133159,6.0,0.21455461722012575
137,ccd,ols,3.590690643133159,,0.21455461722009966
137,correlated,pls,294.2756720770101,2.0,1.1777367333979833
137,correlated,ols,294.2756720770101,,1.1531934211425745
138,ccd,pls,3.590690643133159,8.0,0.38500161397431504
138,ccd,ols,3.590690643133159,,0.3850016139743281
138,correlated,pls,458.4522999913432,3.0,1.3189513840617613
138,correlated,ols,458.4522999913432,,0.6249131885390241
139,ccd,pls,3.590690643133159,7.0,0.056743332586572715
139,ccd,ols,3.590690643133159,,0.05674333258657923
139,correlated,pls,297.9325927003721,5.0,0.6725631623536675
139,correlated,ols,297.9325927003721,,1.2236480824009335
140,ccd,pls,3.590690643133159,9.0,0.16268593146039587
140,ccd,ols,3.590690643133159,,0.16268593146034835
140,correlated,pls,456.5600576324323,4.0,1.9717125221661778
140,correlated,ols,456.5600576324323,,9.522900795564043
141,ccd,pls,3.590690643133159,5.0,0.07796254471199565
141,ccd,ols,3.590690643133159,,0.07796254471199598
141,correlated,pls,293.1063541383535,4.0,2.9265813172565394
141,correlated,ols,293.1063541383535,,1.4305234037215064
142,ccd,pls,3.590690643133159,5.0,0.19631607719610014
142,ccd,ols,3.590690643133159,,0.19631607719609323
142,correlated,pls,758.8448430076676,5.0,1.7733077572070852
142,correlated,ols,758.8448430076676,,1.6020116968005207
143,ccd,pls,3.590690643133159,5.0,0.06378603260532177
143,ccd,ols,3.590690643133159,,0.06378603260531986
143,correlated,pls,228.8293771751956,8.0,0.779806961871609
143,correlated,ols,228.8293771751956,,2486.9219286032944
144,ccd,pls,3.590690643133159,5.0,0.20616534374133466
144,ccd,ols,3.590690643133159,,0.2061653437413268
144,correlated,pls,250.7147520057263,2.0,1.3322488995972255
144,correlated,ols,250.7147520057263,,1.2966172265359013
145,ccd,pls,3.590690643133159,6.0,0.08055380395124635
145,ccd,ols,3.590690643133159,,0.08055380395124619
145,correlated,pls,368.73256447713317,5.0,0.6009872826882172
145,correlated,ols,368.73256447713317,,2.044314167524259
146,ccd,pls,3.590690643133159,7.0,0.055607555399132126
146,ccd,ols,3.590690643133159,,0.05560755539913588
146,correlated,pls,200.18418519427482,6.0,0.7548082068157941
146,correlated,ols,200.18418519427482,,1.200041034051941
147,ccd,pls,3.590690643133159,7.0,0.0485201789976344
147,ccd,ols,3.590690643133159,,0.04852017899763425
147,correlated,pls,310.6553495575689,2.0,1.1671163324518696
147,correlated,ols,310.6553495575689,,0.8985924654763711
148,ccd,pls,3.590690643133159,4.0,0.07026286260002422
148,ccd,ols,3.590690643133159,,0.07026286260005533
148,correlated,pls,385.32076511586547,2.0,1.2748843210733487
148,correlated,ols,385.32076511586547,,4.240765736281143
149,ccd,pls,3.590690643133159,9.0,0.06310829481736022
149,ccd,ols,3.590690643133159,,0.06310829481714296
149,correlated,pls,691.2506450525277,9.0,1.4490085437975857
149,correlated,ols,691.2506450525277,,1.4490085437974285
150,ccd,pls,3.590690643133159,6.0,0.03450763358280628
150,ccd,ols,3.590690643133159,,0.0345076335828132
150,correlated,pls,208.2930165691892,9.0,1.9387125187979604
150,correlated,ols,208.2930165691892,,1.9387125187897387
151,ccd,pls,3.590690643133159,5.0,0.06474280043857741
151,ccd,ols,3.590690643133159,,0.06474280043858041
151,correlated,pls,440.2424354262762,4.0,1.4890719014240281
151,correlated,ols,440.2424354262762,,2.197580983907446
152,ccd,pls,3.590690643133159,6.0,0.13600562124971802
152,ccd,ols,3.590690643133159,,0.13600562124971116
152,correlated,pls,436.1932846862938,6.0,32.88940102340904
152,correlated,ols,436.1932846862938,,1.8844670692372412
153,ccd,pls,3.590690643133159,4.0,0.06857359791982376
153,ccd,ols,3.590690643133159,,0.06857359791982046
153,correlated,pls,474.3532055750043,7.0,12.685437931342696
153,correlated,ols,474.3532055750043,,1.8338760091971928
154,ccd,pls,3.590690643133159,7.0,0.043049299589750595
154,ccd,ols,3.590690643133159,,0.04304929958974948
154,correlated,pls,495.3523019950504,4.0,0.2274811657002058
154,correlated,ols,495.3523019950504,,1.483403584783667
155,ccd,pls,3.590690643133159,8.0,0.07004256102789702
155,ccd,ols,3.590690643133159,,0.07004256102789205
155,correlated,pls,197.5345966786638,5.0,2.0305405216621164
155,correlated,ols,197.5345966786638,,0.9705484680802362
156,ccd,pls,3.590690643133159,5.0,0.06053129211679963
156,ccd,ols,3.590690643133159,,0.06053129211679793
156,correlated,pls,389.5780964509294,5.0,1.5813187739090453
156,correlated,ols,389.5780964509294,,1.0505556863472534
157,ccd,pls,3.590690643133159,5.0,0.09760149651689598
157,ccd,ols,3.590690643133159,,0.09760149651690347
157,correlated,pls,366.5123474732512,4.0,1.2009483296617105
157,correlated,ols,366.5123474732512,,1.3437928078334225
158,ccd,pls,3.590690643133159,8.0,0.08532500784729755
158,ccd,ols,3.590690643133159,,0.08532500784718029
158,correlated,pls,304.26799887772273,6.0,0.20283062985431563
158,correlated,ols,304.26799887772273,,13.508799079641033
159,ccd,pls,3.590690643133159,6.0,0.08327583309315467
159,ccd,ols,3.590690643133159,,0.0832758330931507
159,correlated,pls,146.9510159084438,6.0,3.1958168930467674
159,correlated,ols,146.9510159084438,,5.818201546580855
160,ccd,pls,3.590690643133159,6.0,0.16737365774934115
160,ccd,ols,3.590690643133159,,0.16737365774932053
160,correlated,pls,139.49199317205603,5.0,0.7171295878884155
160,correlated,ols,139.49199317205603,,0.7572636204481314
161,ccd,pls,3.590690643133159,9.0,0.07067367300907035
161,ccd,ols,3.590690643133159,,0.07067367300916012
161,correlated,pls,446.31064942950536,4.0,1.4322985054764266
161,correlated,ols,446.31064942950536,,1.949955301262446
162,ccd,pls,3.590690643133159,6.0,0.12942324611849457
162,ccd,ols,3.590690643133159,,0.12942324611849387
162,correlated,pls,724.6076121427494,2.0,1.3201635855587874
162,correlated,ols,724.6076121427494,,1.4503502918127151
163,ccd,pls,3.590690643133159,8.0,0.1035390927627352
163,ccd,ols,3.590690643133159,,0.10353909276279087
163,correlated,pls,398.2944693008606,5.0,1.2243751836058099
163,correlated,ols,398.2944693008606,,1.905668941251616
164,ccd,pls,3.590690643133159,6.0,0.1464416653920031
164,ccd,ols,3.590690643133159,,0.1464416653919932
164,correlated,pls,460.48548078056183,4.0,1.723287667359467
164,correlated,ols,460.48548078056183,,0.46151225872687285
165,ccd,pls,3.590690643133159,5.0,0.15559461965725815
165,ccd,ols,3.590690643133159,,0.15559461965724847
165,correlated,pls,515.6607729563127,2.0,1.4988158163550953
165,correlated,ols,515.6607729563127,,2.444046455832956
166,ccd,pls,3.590690643133159,6.0,0.20115564922179258
166,ccd,ols,3.590690643133159,,0.20115564922178542
166,correlated,pls,647.1482360814579,5.0,0.6600662571185477
166,correlated,ols,647.1482360814579,,1.389962615414812
167,ccd,pls,3.590690643133159,9.0,0.1733425953953987
167,ccd,ols,3.590690643133159,,0.1733501597329865
167,correlated,pls,372.4875177924858,4.0,0.6573968449697609
167,correlated,ols,372.4875177924858,,1.7948371962300236
168,ccd,pls,3.590690643133159,5.0,0.21633116505164918
168,ccd,ols,3.590690643133159,,0.2163311650516505
168,correlated,pls,382.949968628765,2.0,1.2503643031484493
168,correlated,ols,382.949968628765,,1.2459952769888718
169,ccd,pls,3.590690643133159,5.0,0.2872205346375252
169,ccd,ols,3.590690643133159,,0.28722053463751746
169,correlated,pls,393.16194399783603,6.0,0.9505773365805199
169,correlated,ols,393.16194399783603,,3.176564171634687
170,ccd,pls,3.590690643133159,6.0,0.04098966810224724
170,ccd,ols,3.590690643133159,,0.04098966810223939
170,correlated,pls,198.0097811883215,4.0,1.3529666085224434
170,correlated,ols,198.0097811883215,,1.1360079980936966
171,ccd,pls,3.590690643133159,6.0,0.10187657004396894
171,ccd,ols,3.590690643133159,,0.1018765700439822
171,correlated,pls,307.08526773814924,4.0,0.696763578802016
171,correlated,ols,307.08526773814924,,1.6226748833037044
172,ccd,pls,3.590690643133159,9.0,0.21758004457511337
172,ccd,ols,3.590690643133159,,0.2175800445427782
172,correlated,pls,244.8400357603299,5.0,6.946560592795641
172,correlated,ols,244.8400357603299,,2.479788454597392
173,ccd,pls,3.590690643133159,5.0,0.25234154962590893
173,ccd,ols,3.590690643133159,,0.2523415496259532
173,correlated,pls,238.56961527240423,9.0,0.8215151870379812
173,correlated,ols,238.56961527240423,,0.821515187035605
174,ccd,pls,3.590690643133159,5.0,0.2937256614517928
174,ccd,ols,3.590690643133159,,0.2937256614517408
174,correlated,pls,452.1448524025755,6.0,0.9670440877674702
174,correlated,ols,452.1448524025755,,1.3519306068541483
175,ccd,pls,3.590690643133159,6.0,0.228519281835213
175,ccd,ols,3.590690643133159,,0.22851928183521117
175,correlated,pls,243.27657277382383,7.0,0.8752839446896205
175,correlated,ols,243.27657277382383,,1.1876884747422622
176,ccd,pls,3.590690643133159,5.0,0.15940446955702905
176,ccd,ols,3.590690643133159,,0.15940446955702584
176,correlated,pls,398.3873137718406,8.0,1.0062856833560212
176,correlated,ols,398.3873137718406,,0.9612532446001784
177,ccd,pls,3.590690643133159,6.0,0.07295876915267382
177,ccd,ols,3.590690643133159,,0.07295876915267323
177,correlated,pls,368.56510502985736,6.0,0.5472451853510507
177,correlated,ols,368.56510502985736,,0.8747495947231698
178,ccd,pls,3.590690643133159,8.0,0.11072139110461944
178,ccd,ols,3.590690643133159,,0.11072139110446816
178,correlated,pls,294.98375794972515,5.0,4.3023385828419904
178,correlated,ols,294.98375794972515,,1.6875568739776174
179,ccd,pls,3.590690643133159,5.0,0.058575448882398934
179,ccd,ols,3.590690643133159,,0.058575448882398636
179,correlated,pls,439.5442370195851,2.0,1.4445528459315815
179,correlated,ols,439.5442370195851,,1.7236918262716832
180,ccd,pls,3.590690643133159,5.0,0.10140415420307362
180,ccd,ols,3.590690643133159,,0.10140415420307644
180,correlated,pls,519.2078636340543,4.0,1.1337819504474362
180,correlated,ols,519.2078636340543,,1.2963898530018243
181,ccd,pls,3.590690643133159,3.0,0.1533778101330559
181,ccd,ols,3.590690643133159,,0.15337781013305424
181,correlated,pls,443.5912120517859,4.0,2.8383896173912193
181,correlated,ols,443.5912120517859,,0.903353250261795
182,ccd,pls,3.590690643133159,5.0,0.21914327402836198
182,ccd,ols,3.590690643133159,,0.21914327402837186
182,correlated,pls,516.246954371511,8.0,1.2594257206576775
182,correlated,ols,516.246954371511,,1.2638837059376105
183,ccd,pls,3.590690643133159,3.0,0.04021460564791262
183,ccd,ols,3.590690643133159,,0.040214605647908366
183,correlated,pls,299.114841808179,2.0,1.4990259845214207
183,correlated,ols,299.114841808179,,1.1633136804513495
184,ccd,pls,3.590690643133159,8.0,0.19561223464098734
184,ccd,ols,3.590690643133159,,0.19561223464062993
184,correlated,pls,190.59652729342884,5.0,5.0984545775062635
184,correlated,ols,190.59652729342884,,0.9178078172988424
185,ccd,pls,3.590690643133159,5.0,0.08130426085406671
185,ccd,ols,3.590690643133159,,0.08130426085407566
185,correlated,pls,556.5770586161631,3.0,0.5388941994480854
185,correlated,ols,556.5770586161631,,0.31391096985518196
186,ccd,pls,3.590690643133159,7.0,0.169245490482886
186,ccd,ols,3.590690643133159,,0.16924549048287546
186,correlated,pls,233.6294531980726,4.0,0.5775222925798118
186,correlated,ols,233.6294531980726,,1.4580715936361497
187,ccd,pls,3.590690643133159,6.0,0.15876426251257877
187,ccd,ols,3.590690643133159,,0.15876426251258638
187,correlated,pls,227.27429293451928,8.0,1.7353681164823136
187,correlated,ols,227.27429293451928,,1.7395719147823008
188,ccd,pls,3.590690643133159,7.0,0.24866456236755202
188,ccd,ols,3.590690643133159,,0.24866456236756168
188,correlated,pls,264.0413555620499,5.0,2.8161835432329525
188,correlated,ols,264.0413555620499,,6.781691817702407
189,ccd,pls,3.590690643133159,6.0,0.40790882935858713
189,ccd,ols,3.590690643133159,,0.40790882935859796
189,correlated,pls,268.7441249462213,7.0,0.604648074557465
189,correlated,ols,268.7441249462213,,1.055555403860669
190,ccd,pls,3.590690643133159,8.0,0.14375881617283193
190,ccd,ols,3.590690643133159,,0.14375881617285124
190,correlated,pls,749.7819591816345,2.0,1.3238364144177934
190,correlated,ols,749.7819591816345,,2.02272450174487
191,ccd,pls,3.590690643133159,8.0,0.20662872782513672
191,ccd,ols,3.590690643133159,,0.20662872782514263
191,correlated,pls,235.65853099062787,5.0,2.688801916373725
191,correlated,ols,235.65853099062787,,1.3160850673840836
192,ccd,pls,3.590690643133159,5.0,0.16170250111303308
192,ccd,ols,3.590690643133159,,0.16170250111301995
192,correlated,pls,73.44701406912944,6.0,1.3384403108105456
192,correlated,ols,73.44701406912944,,0.39817382406137475
193,ccd,pls,3.590690643133159,6.0,0.13649729052053816
193,ccd,ols,3.590690643133159,,0.1364972905205418
193,correlated,pls,1177.1935688087265,2.0,1.263532222336804
193,correlated,ols,1177.1935688087265,,1.39146281790343
194,ccd,pls,3.590690643133159,7.0,0.06867583733035354
194,ccd,ols,3.590690643133159,,0.06867583733035461
194,correlated,pls,544.3026470970871,8.0,2.670231347130998
194,correlated,ols,544.3026470970871,,0.8666799921836933
195,ccd,pls,3.590690643133159,7.0,0.09459861969323337
195,ccd,ols,3.590690643133159,,0.0945986196932248
195,correlated,pls,190.5510381381144,7.0,0.31726355247748633
195,correlated,ols,190.5510381381144,,4.066477036101208
196,ccd,pls,3.590690643133159,5.0,0.13638158739291875
196,ccd,ols,3.590690643133159,,0.13638158739291875
196,correlated,pls,171.28400549802447,4.0,0.5868694599256752
196,correlated,ols,171.28400549802447,,0.9584899321460567
197,ccd,pls,3.590690643133159,5.0,0.09694675121589234
197,ccd,ols,3.590690643133159,,0.09694675121589524
197,correlated,pls,386.2081785531744,5.0,1.4345889886699865
197,correlated,ols,386.2081785531744,,2.653066326263634
198,ccd,pls,3.590690643133159,6.0,0.0690419919772143
198,ccd,ols,3.590690643133159,,0.06904199197721644
198,correlated,pls,362.189982842833,3.0,0.638192721045625
198,correlated,ols,362.189982842833,,0.7735066781414542
199,ccd,pls,3.590690643133159,5.0,0.12822674106953105
199,ccd,ols,3.590690643133159,,0.12822674106953047
199,correlated,pls,356.0023410398219,5.0,1.6378354416316032
199,correlated,ols,356.0023410398219,,0.9846521566843309
