sample_count,bias_factor,coverage,multiplier_for_coverage
5,0.9515328619481445,0.8927120474947059,2.5705818356363146
10,0.9753500771452293,0.9215637597523003,2.228138851986274
20,0.9875829288261566,0.9359217469964232,2.085963447265864
25,0.9900524688409064,0.9387674341953824,2.0595385527532972
28,0.9911130482419906,0.939983273451503,2.0484071417952454
30,0.991702821009583,0.9406576871039496,2.0422724563012378
40,0.9937701371246276,0.9430117759679937,2.021075390306273
50,0.9950128107045452,0.9444191259448436,2.008559112100761
100,0.9975031639551356,0.9472210986337704,1.9839715185235518
200,0.9987507861262025,0.9486151591541867,1.9718962236339088
1000,0.9997500312886731,0.9497268150442513,1.9623390808264083
