contaminant,modified_z,classical_z
0.03,0.6744897501960817,1.1012833075768471
0.03168484451446833,0.7839644735638825,1.278507037487247
0.0334643123968678,0.9483799321230013,1.454880965465115
0.03534371783594507,1.1220292067970266,1.6285848068349036
0.03732867347317202,1.3054308824002476,1.7978439692487664
0.03942510716429381,1.499132668239615,1.9610182003152643
0.04163927968223003,1.7037130337894553,2.1166795819278312
0.043977803414197325,1.9197829362281167,2.263671385333113
0.0464476621088899,2.1479876449956254,2.401142528614465
0.04905623173269129,2.3890086688212264,2.5285563651713145
0.05181130249720171,2.6435657909756323,2.645676273854987
0.05472110212386406,2.9124192188260625,2.752533223091003
0.057794320415165856,3.1963718541134845,2.8493817724878836
0.061040135205796445,3.496271690732001,2.9366509275103527
0.0644682397712595,3.8130143471710727,3.0148952480754088
0.06808887177579402,4.14754574118346,3.0847501077576736
0.07191284384605355,4.500864914666494,3.146893428431689
0.07595157586184825,4.874027017192835,3.2020148584164185
0.08021712906038361,5.268146457100809,3.250792353477499
0.08472224205584318,5.684400229554596,3.2938754756883455
0.08948036888188471,6.12403143151323,3.331874392003755
0.0945057191706596,6.588352974105502,3.36535345137302
0.09981330058834528,7.078751503497307,3.3948282651459434
0.10541896365392041,7.596691541960755,3.4207653434409164
0.11133944907502856,8.143719861511821,3.4435835016946132
0.11759243774229487,8.721470103178039,3.4636564157784933
0.12419660353139703,9.331667655691055,3.4813158534707767
0.13117166907057948,9.97613480817386,3.4968552368762666
0.13853846464015354,10.65679619221052,3.5105332927597876
0.1463189903798812,11.375684529550668,3.522577627235497
0.15453648199001746,12.134946702613574,3.533188120944293
0.16321548012222134,12.93685016592076,3.5425400843422943
0.17238190366756267,13.78378971760415,3.550787143467617
0.18206312716049275,14.678294651212212,3.5580638475777393
0.19228806252993638,15.623036309172091,3.5644880038591236
0.20308724544164664,16.62083606046541,3.5701627529921156
0.21449292648967477,17.67467372634222,3.5751784042373056
0.2265391675092877,18.787696479235443,3.57961405104323
0.23926194329896266,19.96322824145169,3.583538988803658
0.25269924905523905,21.20477961170638,3.5870139559240237
0.266891213841272,22.516058349147883,3.5900922182208705
0.2818802204279474,23.900980446179954,3.5928205151732104
0.2977110318654526,25.363681823150387,3.59523988487194
0.31443092516329313,26.908530679830605,3.597386382805165
0.3320898324779791,28.540140540572835,3.5992917079570423
0.35074049023002024,30.263384032102543,3.600983748135126
0.37043859659555306,32.08340743509214,3.602487055002743
0.39124297784293194,34.00564605297278,3.603823257989727
0.4132157640110293,36.035840443881256,3.6050114250881324
0.4364225744538901,38.18005356421729,3.606068377504213
0.4609327138058499,40.44468887500832,3.6070089642256495
0.48681937895234284,42.83650946515457,3.607846301763094
0.5141598776245008,45.362658248664175,3.6085919836267806
0.5430358592703458,48.03067929619468,3.6092562634910603
0.573533558892054,50.84854036460579,3.609848215471903
0.60574405457748,53.824656691805096,3.610375874484804
0.639763539495036,56.96791612794779,3.6108463592544955
0.6756936091642045,60.28770567804167,3.6112659802051645
0.7136415648595922,63.79393953522441,3.6116403341637566
0.7537207340546016,67.49708868843105,3.6119743875529253
0.7960508088616998,71.40821219287228,3.6122725495290227
0.8407582034799902,75.53899019670905,3.6125387363293155
0.8879764317175745,79.90175882255423,3.6127764279273724
0.9378465057161253,84.50954700797104,3.612988717952592
0.9905173570684289,89.37611541498887,3.6131783577061998
1.0461462815865095,94.515997524835,3.6133477949989334
1.104899409048592,99.94454304060741,3.6134992084428688
1.1669521993277534,105.67796372750627,3.6136345377494155
1.2324899663838909,111.73338182752038,3.6137555105157015
1.301708431683863,118.12888119315522,3.6138636659209786
1.3748143087025209,124.88356129290594,3.613960375702005
1.4520259202501888,132.01759424975845,3.6140468627305347
1.5335738504701677,139.55228508305723,3.6141242174761805
1.6197016334533927,147.51013533364596,3.6141934126031323
1.7106664805267042,155.9149102622902,3.6142553159189266
1.8067400483867142,164.79170982206338,3.614310701866972
1.9082092503732013,174.16704361664716,3.6143602617314503
2.0153771133048353,184.06891006840135,3.6144046127029674
2.128563682436058,194.52688003263012,3.6144443059356433
2.2481069772376894,205.57218510774914,3.6144798337108384
2.3743640008555866,217.23781090508288,3.6145116358091065
2.5077118062620074,229.55859555683253,3.614540105180059
2.648548622283608,242.57133375639705,3.6145655929893277
2.7972950428688486,256.3148866417533,3.6145884131126413
2.954395283146418,270.8302978500495,3.6146088461389096
3.1203185060257637,286.1609160899972,3.6146271429370844
3.2955602233014814,302.3525245981111,3.6146435278353124
3.4806437754457997,319.45347786540214,3.614658201455332
3.6761218945084067,337.51484604284565,3.614671343240198
3.8825783547910544,356.5905674568745,3.6146831137091127
4.100629716226499,376.7376096903688,3.6146936564693237
4.330927165668167,398.0161397101915,3.6147031000116914
4.574158461589431,420.48970354934255,3.6147115593135535
4.831049988000027,444.22541608032515,3.6147191372698706
5.102368923713499,469.2941614464685,3.6147259259713214
5.388925533443912,495.77080474977015,3.614732007845926
5.691575587573956,523.734415627442,3.6147374566789754
6.0112229178208185,553.2685043848462,3.6147423385243798
6.348822116432044,584.4612713900083,3.6147467125191546
6.705381386972243,617.4058704744954,3.614750631611433
7.081965555214185,652.2006871272771,3.614754143211306
7.479699249126062,688.9496323123713,3.614757289772739
7.899770257451494,727.7624527877188,3.614760109313937
8.343433076912403,768.7550588520309,3.614762635882739
8.812012658628054,812.0498704983835,3.6147648999728914
9.306908364938554,857.7761830083126,3.6147669288964277
9.829598148449426,906.0705530782157,3.6147687471168273
10.38164296577754,957.0772066311857,3.61477037654711
10.96469143917951,1010.9484695321586,3.614771836816582
11.580484779984161,1067.8452224926707,3.6147731455095617
12.230861988532173,1127.9373815237357,3.6147743183790366
12.917765346152096,1191.4044053716689,3.6147753695379077
13.64324621557388,1258.4358314522626,3.6147763116301834
14.40947116710223,1329.2318418838192,3.6147771559842377
15.21872844884496,1404.0038613094375,3.614777912750024
16.073434820318948,1482.975188293888,3.6147785910219246
16.976142769841587,1566.3816621806748,3.61477919894876
17.929548137261552,1654.47236740077,3.614779743832293
18.936498164793587,1747.5103773363892,3.6147802322154416
20.0,1845.7735399612452,3.614780669961288
